STRUCTURE,STRUCTURE_ID,STRUCTURE_NAME,ACTION,REF_AREA,Reference area,MEASURE,Measure,UNIT_MEASURE,Unit of measure,AGE,Age,SEX,Sex,HEALTH_PROF,Health profession,WORKER_STATUS,Worker status,HEALTH_PROF_ACTIVITY_STATUS,Health profession activity status,PRICE_BASE,Price base,TIME_PERIOD,Time period,OBS_VALUE,Observation value,DECIMALS,Decimals,OBS_STATUS,Observation status,OBS_STATUS2,Observation status 2,OBS_STATUS3,Observation status 3,OBS_STATUS4,Observation status 4,UNIT_MULT,Unit multiplier,REF_YEAR_PRICE,Price reference year
DATAFLOW,OECD.ELS.HD:DSD_HEALTH_REAC_EMP@DF_CARE(1.1),Caring personnel (personal care workers),I,IRL,Ireland,HSE,Health and social employment,PS,Persons,_Z,Not applicable,_Z,Not applicable,CARE,Caring personnel,_Z,Not applicable,P,Practicing,_Z,Not applicable,2015,,23946,,,,,,,,,,,,,,,
DATAFLOW,OECD.ELS.HD:DSD_HEALTH_REAC_EMP@DF_CARE(1.1),Caring personnel (personal care workers),I,IRL,Ireland,HSE,Health and social employment,10P3HB,Per 1 000 inhabitants,_Z,Not applicable,_Z,Not applicable,CARE,Caring personnel,_Z,Not applicable,P,Practicing,_Z,Not applicable,2015,,5.09,,,,,,,,,,,,,,,
DATAFLOW,OECD.ELS.HD:DSD_HEALTH_REAC_EMP@DF_CARE(1.1),Caring personnel (personal care workers),I,IRL,Ireland,HSE,Health and social employment,10P3HB,Per 1 000 inhabitants,_Z,Not applicable,_Z,Not applicable,CARE,Caring personnel,_Z,Not applicable,P,Practicing,_Z,Not applicable,2016,,5.12,,,,,,,,,,,,,,,
DATAFLOW,OECD.ELS.HD:DSD_HEALTH_REAC_EMP@DF_CARE(1.1),Caring personnel (personal care workers),I,IRL,Ireland,HSE,Health and social employment,PS,Persons,_Z,Not applicable,_Z,Not applicable,CARE,Caring personnel,_Z,Not applicable,P,Practicing,_Z,Not applicable,2016,,24381,,,,,,,,,,,,,,,
DATAFLOW,OECD.ELS.HD:DSD_HEALTH_REAC_EMP@DF_CARE(1.1),Caring personnel (personal care workers),I,IRL,Ireland,HSE,Health and social employment,PS,Persons,_Z,Not applicable,_Z,Not applicable,CARE,Caring personnel,_Z,Not applicable,P,Practicing,_Z,Not applicable,2017,,24709,,,,,,,,,,,,,,,
DATAFLOW,OECD.ELS.HD:DSD_HEALTH_REAC_EMP@DF_CARE(1.1),Caring personnel (personal care workers),I,IRL,Ireland,HSE,Health and social employment,10P3HB,Per 1 000 inhabitants,_Z,Not applicable,_Z,Not applicable,CARE,Caring personnel,_Z,Not applicable,P,Practicing,_Z,Not applicable,2017,,5.12,,,,,,,,,,,,,,,
DATAFLOW,OECD.ELS.HD:DSD_HEALTH_REAC_EMP@DF_CARE(1.1),Caring personnel (personal care workers),I,IRL,Ireland,HSE,Health and social employment,10P3HB,Per 1 000 inhabitants,_Z,Not applicable,_Z,Not applicable,CARE,Caring personnel,_Z,Not applicable,P,Practicing,_Z,Not applicable,2018,,5.19,,,,,,,,,,,,,,,
DATAFLOW,OECD.ELS.HD:DSD_HEALTH_REAC_EMP@DF_CARE(1.1),Caring personnel (personal care workers),I,IRL,Ireland,HSE,Health and social employment,PS,Persons,_Z,Not applicable,_Z,Not applicable,CARE,Caring personnel,_Z,Not applicable,P,Practicing,_Z,Not applicable,2018,,25437,,,,,,,,,,,,,,,
DATAFLOW,OECD.ELS.HD:DSD_HEALTH_REAC_EMP@DF_CARE(1.1),Caring personnel (personal care workers),I,IRL,Ireland,HSE,Health and social employment,PS,Persons,_Z,Not applicable,_Z,Not applicable,CARE,Caring personnel,_Z,Not applicable,P,Practicing,_Z,Not applicable,2019,,25438,,,,,,,,,,,,,,,
DATAFLOW,OECD.ELS.HD:DSD_HEALTH_REAC_EMP@DF_CARE(1.1),Caring personnel (personal care workers),I,IRL,Ireland,HSE,Health and social employment,10P3HB,Per 1 000 inhabitants,_Z,Not applicable,_Z,Not applicable,CARE,Caring personnel,_Z,Not applicable,P,Practicing,_Z,Not applicable,2019,,5.11,,,,,,,,,,,,,,,
DATAFLOW,OECD.ELS.HD:DSD_HEALTH_REAC_EMP@DF_CARE(1.1),Caring personnel (personal care workers),I,IRL,Ireland,HSE,Health and social employment,10P3HB,Per 1 000 inhabitants,_Z,Not applicable,_Z,Not applicable,CARE,Caring personnel,_Z,Not applicable,P,Practicing,_Z,Not applicable,2020,,5.22,,,,,,,,,,,,,,,
DATAFLOW,OECD.ELS.HD:DSD_HEALTH_REAC_EMP@DF_CARE(1.1),Caring personnel (personal care workers),I,IRL,Ireland,HSE,Health and social employment,PS,Persons,_Z,Not applicable,_Z,Not applicable,CARE,Caring personnel,_Z,Not applicable,P,Practicing,_Z,Not applicable,2020,,26325,,,,,,,,,,,,,,,
DATAFLOW,OECD.ELS.HD:DSD_HEALTH_REAC_EMP@DF_CARE(1.1),Caring personnel (personal care workers),I,IRL,Ireland,HSE,Health and social employment,PS,Persons,_Z,Not applicable,_Z,Not applicable,CARE,Caring personnel,_Z,Not applicable,P,Practicing,_Z,Not applicable,2021,,27132,,,,,,,,,,,,,,,
DATAFLOW,OECD.ELS.HD:DSD_HEALTH_REAC_EMP@DF_CARE(1.1),Caring personnel (personal care workers),I,IRL,Ireland,HSE,Health and social employment,10P3HB,Per 1 000 inhabitants,_Z,Not applicable,_Z,Not applicable,CARE,Caring personnel,_Z,Not applicable,P,Practicing,_Z,Not applicable,2021,,5.31,,,,,,,,,,,,,,,
DATAFLOW,OECD.ELS.HD:DSD_HEALTH_REAC_EMP@DF_CARE(1.1),Caring personnel (personal care workers),I,IRL,Ireland,HSE,Health and social employment,10P3HB,Per 1 000 inhabitants,_Z,Not applicable,_Z,Not applicable,CARE,Caring personnel,_Z,Not applicable,P,Practicing,_Z,Not applicable,2022,,5.22,,,,,,,,,,,,,,,
DATAFLOW,OECD.ELS.HD:DSD_HEALTH_REAC_EMP@DF_CARE(1.1),Caring personnel (personal care workers),I,IRL,Ireland,HSE,Health and social employment,PS,Persons,_Z,Not applicable,_Z,Not applicable,CARE,Caring personnel,_Z,Not applicable,P,Practicing,_Z,Not applicable,2022,,27208,,,,,,,,,,,,,,,
DATAFLOW,OECD.ELS.HD:DSD_HEALTH_REAC_EMP@DF_CARE(1.1),Caring personnel (personal care workers),I,IRL,Ireland,HSE,Health and social employment,PS,Persons,_Z,Not applicable,_Z,Not applicable,CARE,Caring personnel,_Z,Not applicable,P,Practicing,_Z,Not applicable,2023,,27995,,,,,,,,,,,,,,,
DATAFLOW,OECD.ELS.HD:DSD_HEALTH_REAC_EMP@DF_CARE(1.1),Caring personnel (personal care workers),I,IRL,Ireland,HSE,Health and social employment,10P3HB,Per 1 000 inhabitants,_Z,Not applicable,_Z,Not applicable,CARE,Caring personnel,_Z,Not applicable,P,Practicing,_Z,Not applicable,2023,,5.27,,,,,,,,,,,,,,,
DATAFLOW,OECD.ELS.HD:DSD_HEALTH_REAC_EMP@DF_CARE(1.1),Caring personnel (personal care workers),I,IRL,Ireland,HSE,Health and social employment,10P3HB,Per 1 000 inhabitants,_Z,Not applicable,_Z,Not applicable,CARE,Caring personnel,_Z,Not applicable,P,Practicing,_Z,Not applicable,2024,,5.21,,,,,,,,,,,,,,,
DATAFLOW,OECD.ELS.HD:DSD_HEALTH_REAC_EMP@DF_CARE(1.1),Caring personnel (personal care workers),I,IRL,Ireland,HSE,Health and social employment,PS,Persons,_Z,Not applicable,_Z,Not applicable,CARE,Caring personnel,_Z,Not applicable,P,Practicing,_Z,Not applicable,2024,,28122,,,,,,,,,,,,,,,
DATAFLOW,OECD.ELS.HD:DSD_HEALTH_REAC_EMP@DF_CARE(1.1),Caring personnel (personal care workers),I,IRL,Ireland,HSE,Health and social employment,PS,Persons,_Z,Not applicable,_Z,Not applicable,CARE,Caring personnel,_Z,Not applicable,P,Practicing,_Z,Not applicable,2025,,28758,,,,,,,,,,,,,,,
DATAFLOW,OECD.ELS.HD:DSD_HEALTH_REAC_EMP@DF_CARE(1.1),Caring personnel (personal care workers),I,IRL,Ireland,HSE,Health and social employment,10P3HB,Per 1 000 inhabitants,_Z,Not applicable,_Z,Not applicable,CARE,Caring personnel,_Z,Not applicable,P,Practicing,_Z,Not applicable,2025,,5.29,,,,,,,,,,,,,,,
DATAFLOW,OECD.ELS.HD:DSD_HEALTH_REAC_EMP@DF_CARE(1.1),Caring personnel (personal care workers),I,DNK,Denmark,HSE,Health and social employment,10P3HB,Per 1 000 inhabitants,_Z,Not applicable,_Z,Not applicable,CARE,Caring personnel,_Z,Not applicable,P,Practicing,_Z,Not applicable,2015,,16.14,,,,,,,,,,,,,,,
DATAFLOW,OECD.ELS.HD:DSD_HEALTH_REAC_EMP@DF_CARE(1.1),Caring personnel (personal care workers),I,DNK,Denmark,HSE,Health and social employment,PS,Persons,_Z,Not applicable,_Z,Not applicable,CARE,Caring personnel,_Z,Not applicable,P,Practicing,_Z,Not applicable,2015,,91729,,,,,,,,,,,,,,,
DATAFLOW,OECD.ELS.HD:DSD_HEALTH_REAC_EMP@DF_CARE(1.1),Caring personnel (personal care workers),I,DNK,Denmark,HSE,Health and social employment,PS,Persons,_Z,Not applicable,_Z,Not applicable,CARE,Caring personnel,_Z,Not applicable,P,Practicing,_Z,Not applicable,2016,,93104,,,,,,,,,,,,,,,
DATAFLOW,OECD.ELS.HD:DSD_HEALTH_REAC_EMP@DF_CARE(1.1),Caring personnel (personal care workers),I,DNK,Denmark,HSE,Health and social employment,10P3HB,Per 1 000 inhabitants,_Z,Not applicable,_Z,Not applicable,CARE,Caring personnel,_Z,Not applicable,P,Practicing,_Z,Not applicable,2016,,16.25,,,,,,,,,,,,,,,
DATAFLOW,OECD.ELS.HD:DSD_HEALTH_REAC_EMP@DF_CARE(1.1),Caring personnel (personal care workers),I,DNK,Denmark,HSE,Health and social employment,10P3HB,Per 1 000 inhabitants,_Z,Not applicable,_Z,Not applicable,CARE,Caring personnel,_Z,Not applicable,P,Practicing,_Z,Not applicable,2017,,16.37,,,,,,,,,,,,,,,
DATAFLOW,OECD.ELS.HD:DSD_HEALTH_REAC_EMP@DF_CARE(1.1),Caring personnel (personal care workers),I,DNK,Denmark,HSE,Health and social employment,PS,Persons,_Z,Not applicable,_Z,Not applicable,CARE,Caring personnel,_Z,Not applicable,P,Practicing,_Z,Not applicable,2017,,94364,,,,,,,,,,,,,,,
DATAFLOW,OECD.ELS.HD:DSD_HEALTH_REAC_EMP@DF_CARE(1.1),Caring personnel (personal care workers),I,DNK,Denmark,HSE,Health and social employment,PS,Persons,_Z,Not applicable,_Z,Not applicable,CARE,Caring personnel,_Z,Not applicable,P,Practicing,_Z,Not applicable,2018,,93959,,,,,,,,,,,,,,,
DATAFLOW,OECD.ELS.HD:DSD_HEALTH_REAC_EMP@DF_CARE(1.1),Caring personnel (personal care workers),I,DNK,Denmark,HSE,Health and social employment,10P3HB,Per 1 000 inhabitants,_Z,Not applicable,_Z,Not applicable,CARE,Caring personnel,_Z,Not applicable,P,Practicing,_Z,Not applicable,2018,,16.22,,,,,,,,,,,,,,,
DATAFLOW,OECD.ELS.HD:DSD_HEALTH_REAC_EMP@DF_CARE(1.1),Caring personnel (personal care workers),I,DNK,Denmark,HSE,Health and social employment,10P3HB,Per 1 000 inhabitants,_Z,Not applicable,_Z,Not applicable,CARE,Caring personnel,_Z,Not applicable,P,Practicing,_Z,Not applicable,2019,,15.91,,,,,,,,,,,,,,,
DATAFLOW,OECD.ELS.HD:DSD_HEALTH_REAC_EMP@DF_CARE(1.1),Caring personnel (personal care workers),I,DNK,Denmark,HSE,Health and social employment,PS,Persons,_Z,Not applicable,_Z,Not applicable,CARE,Caring personnel,_Z,Not applicable,P,Practicing,_Z,Not applicable,2019,,92505,,,,,,,,,,,,,,,
DATAFLOW,OECD.ELS.HD:DSD_HEALTH_REAC_EMP@DF_CARE(1.1),Caring personnel (personal care workers),I,DNK,Denmark,HSE,Health and social employment,PS,Persons,_Z,Not applicable,_Z,Not applicable,CARE,Caring personnel,_Z,Not applicable,P,Practicing,_Z,Not applicable,2020,,91398,,,,,,,,,,,,,,,
DATAFLOW,OECD.ELS.HD:DSD_HEALTH_REAC_EMP@DF_CARE(1.1),Caring personnel (personal care workers),I,DNK,Denmark,HSE,Health and social employment,10P3HB,Per 1 000 inhabitants,_Z,Not applicable,_Z,Not applicable,CARE,Caring personnel,_Z,Not applicable,P,Practicing,_Z,Not applicable,2020,,15.67,,,,,,,,,,,,,,,
DATAFLOW,OECD.ELS.HD:DSD_HEALTH_REAC_EMP@DF_CARE(1.1),Caring personnel (personal care workers),I,DNK,Denmark,HSE,Health and social employment,10P3HB,Per 1 000 inhabitants,_Z,Not applicable,_Z,Not applicable,CARE,Caring personnel,_Z,Not applicable,P,Practicing,_Z,Not applicable,2021,,15.49,,,,,,,,,,,,,,,
DATAFLOW,OECD.ELS.HD:DSD_HEALTH_REAC_EMP@DF_CARE(1.1),Caring personnel (personal care workers),I,DNK,Denmark,HSE,Health and social employment,PS,Persons,_Z,Not applicable,_Z,Not applicable,CARE,Caring personnel,_Z,Not applicable,P,Practicing,_Z,Not applicable,2021,,90712,,,,,,,,,,,,,,,
DATAFLOW,OECD.ELS.HD:DSD_HEALTH_REAC_EMP@DF_CARE(1.1),Caring personnel (personal care workers),I,DNK,Denmark,HSE,Health and social employment,PS,Persons,_Z,Not applicable,_Z,Not applicable,CARE,Caring personnel,_Z,Not applicable,P,Practicing,_Z,Not applicable,2022,,90178,,,,,,,,,,,,,,,
DATAFLOW,OECD.ELS.HD:DSD_HEALTH_REAC_EMP@DF_CARE(1.1),Caring personnel (personal care workers),I,DNK,Denmark,HSE,Health and social employment,10P3HB,Per 1 000 inhabitants,_Z,Not applicable,_Z,Not applicable,CARE,Caring personnel,_Z,Not applicable,P,Practicing,_Z,Not applicable,2022,,15.28,,,,,,,,,,,,,,,
DATAFLOW,OECD.ELS.HD:DSD_HEALTH_REAC_EMP@DF_CARE(1.1),Caring personnel (personal care workers),I,DNK,Denmark,HSE,Health and social employment,10P3HB,Per 1 000 inhabitants,_Z,Not applicable,_Z,Not applicable,CARE,Caring personnel,_Z,Not applicable,P,Practicing,_Z,Not applicable,2023,,15.08,,,,,,,,,,,,,,,
DATAFLOW,OECD.ELS.HD:DSD_HEALTH_REAC_EMP@DF_CARE(1.1),Caring personnel (personal care workers),I,DNK,Denmark,HSE,Health and social employment,PS,Persons,_Z,Not applicable,_Z,Not applicable,CARE,Caring personnel,_Z,Not applicable,P,Practicing,_Z,Not applicable,2023,,89658,,,,,,,,,,,,,,,
DATAFLOW,OECD.ELS.HD:DSD_HEALTH_REAC_EMP@DF_CARE(1.1),Caring personnel (personal care workers),I,BEL,Belgium,HSE,Health and social employment,PS,Persons,_Z,Not applicable,_Z,Not applicable,CARE,Caring personnel,_Z,Not applicable,P,Practicing,_Z,Not applicable,2018,,71927,,,,,,,,,,,,,,,
DATAFLOW,OECD.ELS.HD:DSD_HEALTH_REAC_EMP@DF_CARE(1.1),Caring personnel (personal care workers),I,BEL,Belgium,HSE,Health and social employment,PS,Persons,_Z,Not applicable,_Z,Not applicable,CARE,Caring personnel,_Z,Not applicable,P,Practicing,_Z,Not applicable,2021,,73857,,,,,,,,,,,,,,,
DATAFLOW,OECD.ELS.HD:DSD_HEALTH_REAC_EMP@DF_CARE(1.1),Caring personnel (personal care workers),I,BEL,Belgium,HSE,Health and social employment,PS,Persons,_Z,Not applicable,_Z,Not applicable,CARE,Caring personnel,_Z,Not applicable,P,Practicing,_Z,Not applicable,2022,,75208,,,,,,,,,,,,,,,
DATAFLOW,OECD.ELS.HD:DSD_HEALTH_REAC_EMP@DF_CARE(1.1),Caring personnel (personal care workers),I,CAN,Canada,HSE,Health and social employment,PS,Persons,_Z,Not applicable,_Z,Not applicable,CARE,Caring personnel,_Z,Not applicable,P,Practicing,_Z,Not applicable,2016,,211160,,,,,,,,,,,,,,,
DATAFLOW,OECD.ELS.HD:DSD_HEALTH_REAC_EMP@DF_CARE(1.1),Caring personnel (personal care workers),I,CAN,Canada,HSE,Health and social employment,PS,Persons,_Z,Not applicable,_Z,Not applicable,CARE,Caring personnel,_Z,Not applicable,P,Practicing,_Z,Not applicable,2021,,264075,,,,,,,,,,,,,,,
DATAFLOW,OECD.ELS.HD:DSD_HEALTH_REAC_EMP@DF_CARE(1.1),Caring personnel (personal care workers),I,CRI,Costa Rica,HSE,Health and social employment,PS,Persons,_Z,Not applicable,_Z,Not applicable,CARE,Caring personnel,_Z,Not applicable,P,Practicing,_Z,Not applicable,2015,,12142,,,,,,,,,,,,,,,
DATAFLOW,OECD.ELS.HD:DSD_HEALTH_REAC_EMP@DF_CARE(1.1),Caring personnel (personal care workers),I,CRI,Costa Rica,HSE,Health and social employment,PS,Persons,_Z,Not applicable,_Z,Not applicable,CARE,Caring personnel,_Z,Not applicable,P,Practicing,_Z,Not applicable,2016,,12199,,,,,,,,,,,,,,,
DATAFLOW,OECD.ELS.HD:DSD_HEALTH_REAC_EMP@DF_CARE(1.1),Caring personnel (personal care workers),I,CRI,Costa Rica,HSE,Health and social employment,PS,Persons,_Z,Not applicable,_Z,Not applicable,CARE,Caring personnel,_Z,Not applicable,P,Practicing,_Z,Not applicable,2017,,12476,,,,,,,,,,,,,,,
DATAFLOW,OECD.ELS.HD:DSD_HEALTH_REAC_EMP@DF_CARE(1.1),Caring personnel (personal care workers),I,CRI,Costa Rica,HSE,Health and social employment,PS,Persons,_Z,Not applicable,_Z,Not applicable,CARE,Caring personnel,_Z,Not applicable,P,Practicing,_Z,Not applicable,2018,,12945,,,,,,,,,,,,,,,
DATAFLOW,OECD.ELS.HD:DSD_HEALTH_REAC_EMP@DF_CARE(1.1),Caring personnel (personal care workers),I,CRI,Costa Rica,HSE,Health and social employment,PS,Persons,_Z,Not applicable,_Z,Not applicable,CARE,Caring personnel,_Z,Not applicable,P,Practicing,_Z,Not applicable,2019,,13296,,,,,,,,,,,,,,,
DATAFLOW,OECD.ELS.HD:DSD_HEALTH_REAC_EMP@DF_CARE(1.1),Caring personnel (personal care workers),I,CRI,Costa Rica,HSE,Health and social employment,PS,Persons,_Z,Not applicable,_Z,Not applicable,CARE,Caring personnel,_Z,Not applicable,P,Practicing,_Z,Not applicable,2020,,14817,,,,,,,,,,,,,,,
DATAFLOW,OECD.ELS.HD:DSD_HEALTH_REAC_EMP@DF_CARE(1.1),Caring personnel (personal care workers),I,CRI,Costa Rica,HSE,Health and social employment,PS,Persons,_Z,Not applicable,_Z,Not applicable,CARE,Caring personnel,_Z,Not applicable,P,Practicing,_Z,Not applicable,2021,,16237,,,,,,,,,,,,,,,
DATAFLOW,OECD.ELS.HD:DSD_HEALTH_REAC_EMP@DF_CARE(1.1),Caring personnel (personal care workers),I,CRI,Costa Rica,HSE,Health and social employment,PS,Persons,_Z,Not applicable,_Z,Not applicable,CARE,Caring personnel,_Z,Not applicable,P,Practicing,_Z,Not applicable,2022,,15455,,,,,,,,,,,,,,,
DATAFLOW,OECD.ELS.HD:DSD_HEALTH_REAC_EMP@DF_CARE(1.1),Caring personnel (personal care workers),I,CRI,Costa Rica,HSE,Health and social employment,PS,Persons,_Z,Not applicable,_Z,Not applicable,CARE,Caring personnel,_Z,Not applicable,P,Practicing,_Z,Not applicable,2023,,15084,,,,,,,,,,,,,,,
DATAFLOW,OECD.ELS.HD:DSD_HEALTH_REAC_EMP@DF_CARE(1.1),Caring personnel (personal care workers),I,CRI,Costa Rica,HSE,Health and social employment,PS,Persons,_Z,Not applicable,_Z,Not applicable,CARE,Caring personnel,_Z,Not applicable,P,Practicing,_Z,Not applicable,2024,,14918,,,,,,,,,,,,,,,
DATAFLOW,OECD.ELS.HD:DSD_HEALTH_REAC_EMP@DF_CARE(1.1),Caring personnel (personal care workers),I,CRI,Costa Rica,HSE,Health and social employment,PS,Persons,_Z,Not applicable,_Z,Not applicable,CARE,Caring personnel,_Z,Not applicable,P,Practicing,_Z,Not applicable,2025,,15107,,,,,,,,,,,,,,,
DATAFLOW,OECD.ELS.HD:DSD_HEALTH_REAC_EMP@DF_CARE(1.1),Caring personnel (personal care workers),I,CZE,Czechia,HSE,Health and social employment,PS,Persons,_Z,Not applicable,_Z,Not applicable,CARE,Caring personnel,_Z,Not applicable,P,Practicing,_Z,Not applicable,2015,,26262,,,,,,,,,,,,,,,
DATAFLOW,OECD.ELS.HD:DSD_HEALTH_REAC_EMP@DF_CARE(1.1),Caring personnel (personal care workers),I,CZE,Czechia,HSE,Health and social employment,PS,Persons,_Z,Not applicable,_Z,Not applicable,CARE,Caring personnel,_Z,Not applicable,P,Practicing,_Z,Not applicable,2016,,27544,,,,,,,,,,,,,,,
DATAFLOW,OECD.ELS.HD:DSD_HEALTH_REAC_EMP@DF_CARE(1.1),Caring personnel (personal care workers),I,CZE,Czechia,HSE,Health and social employment,PS,Persons,_Z,Not applicable,_Z,Not applicable,CARE,Caring personnel,_Z,Not applicable,P,Practicing,_Z,Not applicable,2018,,24141,,,,,,,,,,,,,,,
DATAFLOW,OECD.ELS.HD:DSD_HEALTH_REAC_EMP@DF_CARE(1.1),Caring personnel (personal care workers),I,CZE,Czechia,HSE,Health and social employment,PS,Persons,_Z,Not applicable,_Z,Not applicable,CARE,Caring personnel,_Z,Not applicable,P,Practicing,_Z,Not applicable,2019,,24533,,,,,,,,,,,,,,,
DATAFLOW,OECD.ELS.HD:DSD_HEALTH_REAC_EMP@DF_CARE(1.1),Caring personnel (personal care workers),I,CZE,Czechia,HSE,Health and social employment,PS,Persons,_Z,Not applicable,_Z,Not applicable,CARE,Caring personnel,_Z,Not applicable,P,Practicing,_Z,Not applicable,2020,,25490,,,,,,,,,,,,,,,
DATAFLOW,OECD.ELS.HD:DSD_HEALTH_REAC_EMP@DF_CARE(1.1),Caring personnel (personal care workers),I,CZE,Czechia,HSE,Health and social employment,PS,Persons,_Z,Not applicable,_Z,Not applicable,CARE,Caring personnel,_Z,Not applicable,P,Practicing,_Z,Not applicable,2021,,25990,,,,,,,,,,,,,,,
DATAFLOW,OECD.ELS.HD:DSD_HEALTH_REAC_EMP@DF_CARE(1.1),Caring personnel (personal care workers),I,CZE,Czechia,HSE,Health and social employment,PS,Persons,_Z,Not applicable,_Z,Not applicable,CARE,Caring personnel,_Z,Not applicable,P,Practicing,_Z,Not applicable,2022,,29613,,,,,,,,,,,,,,,
DATAFLOW,OECD.ELS.HD:DSD_HEALTH_REAC_EMP@DF_CARE(1.1),Caring personnel (personal care workers),I,CZE,Czechia,HSE,Health and social employment,PS,Persons,_Z,Not applicable,_Z,Not applicable,CARE,Caring personnel,_Z,Not applicable,P,Practicing,_Z,Not applicable,2023,,29534,,,,,,,,,,,,,,,
DATAFLOW,OECD.ELS.HD:DSD_HEALTH_REAC_EMP@DF_CARE(1.1),Caring personnel (personal care workers),I,CZE,Czechia,HSE,Health and social employment,PS,Persons,_Z,Not applicable,_Z,Not applicable,CARE,Caring personnel,_Z,Not applicable,P,Practicing,_Z,Not applicable,2024,,30044,,,,,,,,,,,,,,,
DATAFLOW,OECD.ELS.HD:DSD_HEALTH_REAC_EMP@DF_CARE(1.1),Caring personnel (personal care workers),I,EST,Estonia,HSE,Health and social employment,PS,Persons,_Z,Not applicable,_Z,Not applicable,CARE,Caring personnel,_Z,Not applicable,P,Practicing,_Z,Not applicable,2015,,3670,,,,,,,,,,,,,,,
DATAFLOW,OECD.ELS.HD:DSD_HEALTH_REAC_EMP@DF_CARE(1.1),Caring personnel (personal care workers),I,EST,Estonia,HSE,Health and social employment,PS,Persons,_Z,Not applicable,_Z,Not applicable,CARE,Caring personnel,_Z,Not applicable,P,Practicing,_Z,Not applicable,2016,,3673,,,,,,,,,,,,,,,
DATAFLOW,OECD.ELS.HD:DSD_HEALTH_REAC_EMP@DF_CARE(1.1),Caring personnel (personal care workers),I,EST,Estonia,HSE,Health and social employment,PS,Persons,_Z,Not applicable,_Z,Not applicable,CARE,Caring personnel,_Z,Not applicable,P,Practicing,_Z,Not applicable,2017,,3687,,,,,,,,,,,,,,,
DATAFLOW,OECD.ELS.HD:DSD_HEALTH_REAC_EMP@DF_CARE(1.1),Caring personnel (personal care workers),I,EST,Estonia,HSE,Health and social employment,PS,Persons,_Z,Not applicable,_Z,Not applicable,CARE,Caring personnel,_Z,Not applicable,P,Practicing,_Z,Not applicable,2018,,3812,,,,,,,,,,,,,,,
DATAFLOW,OECD.ELS.HD:DSD_HEALTH_REAC_EMP@DF_CARE(1.1),Caring personnel (personal care workers),I,EST,Estonia,HSE,Health and social employment,PS,Persons,_Z,Not applicable,_Z,Not applicable,CARE,Caring personnel,_Z,Not applicable,P,Practicing,_Z,Not applicable,2019,,3953,,,,,,,,,,,,,,,
DATAFLOW,OECD.ELS.HD:DSD_HEALTH_REAC_EMP@DF_CARE(1.1),Caring personnel (personal care workers),I,EST,Estonia,HSE,Health and social employment,PS,Persons,_Z,Not applicable,_Z,Not applicable,CARE,Caring personnel,_Z,Not applicable,P,Practicing,_Z,Not applicable,2020,,4083,,,,,,,,,,,,,,,
DATAFLOW,OECD.ELS.HD:DSD_HEALTH_REAC_EMP@DF_CARE(1.1),Caring personnel (personal care workers),I,EST,Estonia,HSE,Health and social employment,PS,Persons,_Z,Not applicable,_Z,Not applicable,CARE,Caring personnel,_Z,Not applicable,P,Practicing,_Z,Not applicable,2021,,3843,,,,,,,,,,,,,,,
DATAFLOW,OECD.ELS.HD:DSD_HEALTH_REAC_EMP@DF_CARE(1.1),Caring personnel (personal care workers),I,EST,Estonia,HSE,Health and social employment,PS,Persons,_Z,Not applicable,_Z,Not applicable,CARE,Caring personnel,_Z,Not applicable,P,Practicing,_Z,Not applicable,2022,,4015,,,,,,,,,,,,,,,
DATAFLOW,OECD.ELS.HD:DSD_HEALTH_REAC_EMP@DF_CARE(1.1),Caring personnel (personal care workers),I,EST,Estonia,HSE,Health and social employment,PS,Persons,_Z,Not applicable,_Z,Not applicable,CARE,Caring personnel,_Z,Not applicable,P,Practicing,_Z,Not applicable,2023,,4141,,,,,,,,,,,,,,,
DATAFLOW,OECD.ELS.HD:DSD_HEALTH_REAC_EMP@DF_CARE(1.1),Caring personnel (personal care workers),I,EST,Estonia,HSE,Health and social employment,PS,Persons,_Z,Not applicable,_Z,Not applicable,CARE,Caring personnel,_Z,Not applicable,P,Practicing,_Z,Not applicable,2024,,4200,,,,,,,,,,,,,,,
DATAFLOW,OECD.ELS.HD:DSD_HEALTH_REAC_EMP@DF_CARE(1.1),Caring personnel (personal care workers),I,FIN,Finland,HSE,Health and social employment,PS,Persons,_Z,Not applicable,_Z,Not applicable,CARE,Caring personnel,_Z,Not applicable,P,Practicing,_Z,Not applicable,2015,,106384,,,,,,,,,,,,,,,
DATAFLOW,OECD.ELS.HD:DSD_HEALTH_REAC_EMP@DF_CARE(1.1),Caring personnel (personal care workers),I,FIN,Finland,HSE,Health and social employment,PS,Persons,_Z,Not applicable,_Z,Not applicable,CARE,Caring personnel,_Z,Not applicable,P,Practicing,_Z,Not applicable,2016,,107858,,,,,,,,,,,,,,,
DATAFLOW,OECD.ELS.HD:DSD_HEALTH_REAC_EMP@DF_CARE(1.1),Caring personnel (personal care workers),I,FIN,Finland,HSE,Health and social employment,PS,Persons,_Z,Not applicable,_Z,Not applicable,CARE,Caring personnel,_Z,Not applicable,P,Practicing,_Z,Not applicable,2017,,108656,,,,,,,,,,,,,,,
DATAFLOW,OECD.ELS.HD:DSD_HEALTH_REAC_EMP@DF_CARE(1.1),Caring personnel (personal care workers),I,FIN,Finland,HSE,Health and social employment,PS,Persons,_Z,Not applicable,_Z,Not applicable,CARE,Caring personnel,_Z,Not applicable,P,Practicing,_Z,Not applicable,2018,,110420,,,,,,,,,,,,,,,
DATAFLOW,OECD.ELS.HD:DSD_HEALTH_REAC_EMP@DF_CARE(1.1),Caring personnel (personal care workers),I,FIN,Finland,HSE,Health and social employment,PS,Persons,_Z,Not applicable,_Z,Not applicable,CARE,Caring personnel,_Z,Not applicable,P,Practicing,_Z,Not applicable,2019,,110656,,,,,,,,,,,,,,,
DATAFLOW,OECD.ELS.HD:DSD_HEALTH_REAC_EMP@DF_CARE(1.1),Caring personnel (personal care workers),I,FIN,Finland,HSE,Health and social employment,PS,Persons,_Z,Not applicable,_Z,Not applicable,CARE,Caring personnel,_Z,Not applicable,P,Practicing,_Z,Not applicable,2020,,113170,,,,,,,,,,,,,,,
DATAFLOW,OECD.ELS.HD:DSD_HEALTH_REAC_EMP@DF_CARE(1.1),Caring personnel (personal care workers),I,FIN,Finland,HSE,Health and social employment,PS,Persons,_Z,Not applicable,_Z,Not applicable,CARE,Caring personnel,_Z,Not applicable,P,Practicing,_Z,Not applicable,2021,,124998,,,,,,,,,,,,,,,
DATAFLOW,OECD.ELS.HD:DSD_HEALTH_REAC_EMP@DF_CARE(1.1),Caring personnel (personal care workers),I,FIN,Finland,HSE,Health and social employment,PS,Persons,_Z,Not applicable,_Z,Not applicable,CARE,Caring personnel,_Z,Not applicable,P,Practicing,_Z,Not applicable,2022,,128056,,,,,,,,,,,,,,,
DATAFLOW,OECD.ELS.HD:DSD_HEALTH_REAC_EMP@DF_CARE(1.1),Caring personnel (personal care workers),I,FIN,Finland,HSE,Health and social employment,PS,Persons,_Z,Not applicable,_Z,Not applicable,CARE,Caring personnel,_Z,Not applicable,P,Practicing,_Z,Not applicable,2023,,131234,,,,,,,,,,,,,,,
DATAFLOW,OECD.ELS.HD:DSD_HEALTH_REAC_EMP@DF_CARE(1.1),Caring personnel (personal care workers),I,FRA,France,HSE,Health and social employment,PS,Persons,_Z,Not applicable,_Z,Not applicable,CARE,Caring personnel,_Z,Not applicable,P,Practicing,_Z,Not applicable,2015,,856361,,,,,,,,,,,,,,,
DATAFLOW,OECD.ELS.HD:DSD_HEALTH_REAC_EMP@DF_CARE(1.1),Caring personnel (personal care workers),I,FRA,France,HSE,Health and social employment,PS,Persons,_Z,Not applicable,_Z,Not applicable,CARE,Caring personnel,_Z,Not applicable,P,Practicing,_Z,Not applicable,2016,,873361,,,,,,,,,,,,,,,
DATAFLOW,OECD.ELS.HD:DSD_HEALTH_REAC_EMP@DF_CARE(1.1),Caring personnel (personal care workers),I,FRA,France,HSE,Health and social employment,PS,Persons,_Z,Not applicable,_Z,Not applicable,CARE,Caring personnel,_Z,Not applicable,P,Practicing,_Z,Not applicable,2017,,890848,,,,,,,,,,,,,,,
DATAFLOW,OECD.ELS.HD:DSD_HEALTH_REAC_EMP@DF_CARE(1.1),Caring personnel (personal care workers),I,FRA,France,HSE,Health and social employment,PS,Persons,_Z,Not applicable,_Z,Not applicable,CARE,Caring personnel,_Z,Not applicable,P,Practicing,_Z,Not applicable,2018,,855172,,,,,,,,,,,,,,,
DATAFLOW,OECD.ELS.HD:DSD_HEALTH_REAC_EMP@DF_CARE(1.1),Caring personnel (personal care workers),I,FRA,France,HSE,Health and social employment,PS,Persons,_Z,Not applicable,_Z,Not applicable,CARE,Caring personnel,_Z,Not applicable,P,Practicing,_Z,Not applicable,2019,,854675,,,,,,,,,,,,,,,
DATAFLOW,OECD.ELS.HD:DSD_HEALTH_REAC_EMP@DF_CARE(1.1),Caring personnel (personal care workers),I,FRA,France,HSE,Health and social employment,PS,Persons,_Z,Not applicable,_Z,Not applicable,CARE,Caring personnel,_Z,Not applicable,P,Practicing,_Z,Not applicable,2020,,864941,,,,,,,,,,,,,,,
DATAFLOW,OECD.ELS.HD:DSD_HEALTH_REAC_EMP@DF_CARE(1.1),Caring personnel (personal care workers),I,FRA,France,HSE,Health and social employment,PS,Persons,_Z,Not applicable,_Z,Not applicable,CARE,Caring personnel,_Z,Not applicable,P,Practicing,_Z,Not applicable,2021,,859956,,,,,,,,,,,,,,,
DATAFLOW,OECD.ELS.HD:DSD_HEALTH_REAC_EMP@DF_CARE(1.1),Caring personnel (personal care workers),I,DEU,Germany,HSE,Health and social employment,PS,Persons,_Z,Not applicable,_Z,Not applicable,CARE,Caring personnel,_Z,Not applicable,P,Practicing,_Z,Not applicable,2015,,529000,,,,,,,,,,,,,,,
DATAFLOW,OECD.ELS.HD:DSD_HEALTH_REAC_EMP@DF_CARE(1.1),Caring personnel (personal care workers),I,DEU,Germany,HSE,Health and social employment,PS,Persons,_Z,Not applicable,_Z,Not applicable,CARE,Caring personnel,_Z,Not applicable,P,Practicing,_Z,Not applicable,2017,,575000,,,,,,,,,,,,,,,
DATAFLOW,OECD.ELS.HD:DSD_HEALTH_REAC_EMP@DF_CARE(1.1),Caring personnel (personal care workers),I,DEU,Germany,HSE,Health and social employment,PS,Persons,_Z,Not applicable,_Z,Not applicable,CARE,Caring personnel,_Z,Not applicable,P,Practicing,_Z,Not applicable,2019,,629000,,,,,,,,,,,,,,,
DATAFLOW,OECD.ELS.HD:DSD_HEALTH_REAC_EMP@DF_CARE(1.1),Caring personnel (personal care workers),I,DEU,Germany,HSE,Health and social employment,PS,Persons,_Z,Not applicable,_Z,Not applicable,CARE,Caring personnel,_Z,Not applicable,P,Practicing,_Z,Not applicable,2021,,669000,,,,,,,,,,,,,,,
DATAFLOW,OECD.ELS.HD:DSD_HEALTH_REAC_EMP@DF_CARE(1.1),Caring personnel (personal care workers),I,DEU,Germany,HSE,Health and social employment,PS,Persons,_Z,Not applicable,_Z,Not applicable,CARE,Caring personnel,_Z,Not applicable,P,Practicing,_Z,Not applicable,2023,,688000,,,,,,,,,,,,,,,
DATAFLOW,OECD.ELS.HD:DSD_HEALTH_REAC_EMP@DF_CARE(1.1),Caring personnel (personal care workers),I,ISR,Israel,HSE,Health and social employment,PS,Persons,_Z,Not applicable,_Z,Not applicable,CARE,Caring personnel,_Z,Not applicable,P,Practicing,_Z,Not applicable,2015,,104300,,,,,,,,,,,,,,,
DATAFLOW,OECD.ELS.HD:DSD_HEALTH_REAC_EMP@DF_CARE(1.1),Caring personnel (personal care workers),I,ISR,Israel,HSE,Health and social employment,PS,Persons,_Z,Not applicable,_Z,Not applicable,CARE,Caring personnel,_Z,Not applicable,P,Practicing,_Z,Not applicable,2016,,106233,,,,,,,,,,,,,,,
DATAFLOW,OECD.ELS.HD:DSD_HEALTH_REAC_EMP@DF_CARE(1.1),Caring personnel (personal care workers),I,ISR,Israel,HSE,Health and social employment,PS,Persons,_Z,Not applicable,_Z,Not applicable,CARE,Caring personnel,_Z,Not applicable,P,Practicing,_Z,Not applicable,2017,,107700,,,,,,,,,,,,,,,
DATAFLOW,OECD.ELS.HD:DSD_HEALTH_REAC_EMP@DF_CARE(1.1),Caring personnel (personal care workers),I,ISR,Israel,HSE,Health and social employment,PS,Persons,_Z,Not applicable,_Z,Not applicable,CARE,Caring personnel,_Z,Not applicable,P,Practicing,_Z,Not applicable,2018,,105800,,,,,,,,,,,,,,,
DATAFLOW,OECD.ELS.HD:DSD_HEALTH_REAC_EMP@DF_CARE(1.1),Caring personnel (personal care workers),I,ISR,Israel,HSE,Health and social employment,PS,Persons,_Z,Not applicable,_Z,Not applicable,CARE,Caring personnel,_Z,Not applicable,P,Practicing,_Z,Not applicable,2019,,108200,,,,,,,,,,,,,,,
DATAFLOW,OECD.ELS.HD:DSD_HEALTH_REAC_EMP@DF_CARE(1.1),Caring personnel (personal care workers),I,ISR,Israel,HSE,Health and social employment,PS,Persons,_Z,Not applicable,_Z,Not applicable,CARE,Caring personnel,_Z,Not applicable,P,Practicing,_Z,Not applicable,2020,,116100,,,,,,,,,,,,,,,
DATAFLOW,OECD.ELS.HD:DSD_HEALTH_REAC_EMP@DF_CARE(1.1),Caring personnel (personal care workers),I,ISR,Israel,HSE,Health and social employment,PS,Persons,_Z,Not applicable,_Z,Not applicable,CARE,Caring personnel,_Z,Not applicable,P,Practicing,_Z,Not applicable,2021,,126700,,,,,,,,,,,,,,,
DATAFLOW,OECD.ELS.HD:DSD_HEALTH_REAC_EMP@DF_CARE(1.1),Caring personnel (personal care workers),I,ISR,Israel,HSE,Health and social employment,PS,Persons,_Z,Not applicable,_Z,Not applicable,CARE,Caring personnel,_Z,Not applicable,P,Practicing,_Z,Not applicable,2022,,134200,,,,,,,,,,,,,,,
DATAFLOW,OECD.ELS.HD:DSD_HEALTH_REAC_EMP@DF_CARE(1.1),Caring personnel (personal care workers),I,ISR,Israel,HSE,Health and social employment,PS,Persons,_Z,Not applicable,_Z,Not applicable,CARE,Caring personnel,_Z,Not applicable,P,Practicing,_Z,Not applicable,2023,,137700,,,,,,,,,,,,,,,
DATAFLOW,OECD.ELS.HD:DSD_HEALTH_REAC_EMP@DF_CARE(1.1),Caring personnel (personal care workers),I,ISR,Israel,HSE,Health and social employment,PS,Persons,_Z,Not applicable,_Z,Not applicable,CARE,Caring personnel,_Z,Not applicable,P,Practicing,_Z,Not applicable,2024,,141500,,,,,,,,,,,,,,,
DATAFLOW,OECD.ELS.HD:DSD_HEALTH_REAC_EMP@DF_CARE(1.1),Caring personnel (personal care workers),I,ITA,Italy,HSE,Health and social employment,PS,Persons,_Z,Not applicable,_Z,Not applicable,CARE,Caring personnel,_Z,Not applicable,P,Practicing,_Z,Not applicable,2015,,602494,,,,,,,,,,,,,,,
DATAFLOW,OECD.ELS.HD:DSD_HEALTH_REAC_EMP@DF_CARE(1.1),Caring personnel (personal care workers),I,ITA,Italy,HSE,Health and social employment,PS,Persons,_Z,Not applicable,_Z,Not applicable,CARE,Caring personnel,_Z,Not applicable,P,Practicing,_Z,Not applicable,2016,,621780,,,,,,,,,,,,,,,
DATAFLOW,OECD.ELS.HD:DSD_HEALTH_REAC_EMP@DF_CARE(1.1),Caring personnel (personal care workers),I,ITA,Italy,HSE,Health and social employment,PS,Persons,_Z,Not applicable,_Z,Not applicable,CARE,Caring personnel,_Z,Not applicable,P,Practicing,_Z,Not applicable,2017,,623651,,,,,,,,,,,,,,,
DATAFLOW,OECD.ELS.HD:DSD_HEALTH_REAC_EMP@DF_CARE(1.1),Caring personnel (personal care workers),I,ITA,Italy,HSE,Health and social employment,PS,Persons,_Z,Not applicable,_Z,Not applicable,CARE,Caring personnel,_Z,Not applicable,P,Practicing,_Z,Not applicable,2018,,623271,,,,,,,,,,,,,,,
DATAFLOW,OECD.ELS.HD:DSD_HEALTH_REAC_EMP@DF_CARE(1.1),Caring personnel (personal care workers),I,ITA,Italy,HSE,Health and social employment,PS,Persons,_Z,Not applicable,_Z,Not applicable,CARE,Caring personnel,_Z,Not applicable,P,Practicing,_Z,Not applicable,2019,,623152,,,,,,,,,,,,,,,
DATAFLOW,OECD.ELS.HD:DSD_HEALTH_REAC_EMP@DF_CARE(1.1),Caring personnel (personal care workers),I,ITA,Italy,HSE,Health and social employment,PS,Persons,_Z,Not applicable,_Z,Not applicable,CARE,Caring personnel,_Z,Not applicable,P,Practicing,_Z,Not applicable,2020,,609076,,,,,,,,,,,,,,,
DATAFLOW,OECD.ELS.HD:DSD_HEALTH_REAC_EMP@DF_CARE(1.1),Caring personnel (personal care workers),I,ITA,Italy,HSE,Health and social employment,PS,Persons,_Z,Not applicable,_Z,Not applicable,CARE,Caring personnel,_Z,Not applicable,P,Practicing,_Z,Not applicable,2022,,628973,,,,,,,,,,,,,,,
DATAFLOW,OECD.ELS.HD:DSD_HEALTH_REAC_EMP@DF_CARE(1.1),Caring personnel (personal care workers),I,ITA,Italy,HSE,Health and social employment,PS,Persons,_Z,Not applicable,_Z,Not applicable,CARE,Caring personnel,_Z,Not applicable,P,Practicing,_Z,Not applicable,2023,,649265,,,,,,,,,,,,,,,
DATAFLOW,OECD.ELS.HD:DSD_HEALTH_REAC_EMP@DF_CARE(1.1),Caring personnel (personal care workers),I,ITA,Italy,HSE,Health and social employment,PS,Persons,_Z,Not applicable,_Z,Not applicable,CARE,Caring personnel,_Z,Not applicable,P,Practicing,_Z,Not applicable,2024,,645600,,,,,,,,,,,,,,,
DATAFLOW,OECD.ELS.HD:DSD_HEALTH_REAC_EMP@DF_CARE(1.1),Caring personnel (personal care workers),I,JPN,Japan,HSE,Health and social employment,PS,Persons,_Z,Not applicable,_Z,Not applicable,CARE,Caring personnel,_Z,Not applicable,P,Practicing,_Z,Not applicable,2017,,194386.9,,,,,,,,,,,,,,,
DATAFLOW,OECD.ELS.HD:DSD_HEALTH_REAC_EMP@DF_CARE(1.1),Caring personnel (personal care workers),I,JPN,Japan,HSE,Health and social employment,PS,Persons,_Z,Not applicable,_Z,Not applicable,CARE,Caring personnel,_Z,Not applicable,P,Practicing,_Z,Not applicable,2020,,171684.8,,,,,,,,,,,,,,,
DATAFLOW,OECD.ELS.HD:DSD_HEALTH_REAC_EMP@DF_CARE(1.1),Caring personnel (personal care workers),I,JPN,Japan,HSE,Health and social employment,PS,Persons,_Z,Not applicable,_Z,Not applicable,CARE,Caring personnel,_Z,Not applicable,P,Practicing,_Z,Not applicable,2023,,158714,,,,,,,,,,,,,,,
DATAFLOW,OECD.ELS.HD:DSD_HEALTH_REAC_EMP@DF_CARE(1.1),Caring personnel (personal care workers),I,LVA,Latvia,HSE,Health and social employment,PS,Persons,_Z,Not applicable,_Z,Not applicable,CARE,Caring personnel,_Z,Not applicable,P,Practicing,_Z,Not applicable,2015,,2109,,,,,,,,,,,,,,,
DATAFLOW,OECD.ELS.HD:DSD_HEALTH_REAC_EMP@DF_CARE(1.1),Caring personnel (personal care workers),I,LVA,Latvia,HSE,Health and social employment,PS,Persons,_Z,Not applicable,_Z,Not applicable,CARE,Caring personnel,_Z,Not applicable,P,Practicing,_Z,Not applicable,2016,,2100,,,,,,,,,,,,,,,
DATAFLOW,OECD.ELS.HD:DSD_HEALTH_REAC_EMP@DF_CARE(1.1),Caring personnel (personal care workers),I,LVA,Latvia,HSE,Health and social employment,PS,Persons,_Z,Not applicable,_Z,Not applicable,CARE,Caring personnel,_Z,Not applicable,P,Practicing,_Z,Not applicable,2017,,2159,,,,,,,,,,,,,,,
DATAFLOW,OECD.ELS.HD:DSD_HEALTH_REAC_EMP@DF_CARE(1.1),Caring personnel (personal care workers),I,LVA,Latvia,HSE,Health and social employment,PS,Persons,_Z,Not applicable,_Z,Not applicable,CARE,Caring personnel,_Z,Not applicable,P,Practicing,_Z,Not applicable,2018,,2182,,,,,,,,,,,,,,,
DATAFLOW,OECD.ELS.HD:DSD_HEALTH_REAC_EMP@DF_CARE(1.1),Caring personnel (personal care workers),I,LVA,Latvia,HSE,Health and social employment,PS,Persons,_Z,Not applicable,_Z,Not applicable,CARE,Caring personnel,_Z,Not applicable,P,Practicing,_Z,Not applicable,2019,,2193,,,,,,,,,,,,,,,
DATAFLOW,OECD.ELS.HD:DSD_HEALTH_REAC_EMP@DF_CARE(1.1),Caring personnel (personal care workers),I,LVA,Latvia,HSE,Health and social employment,PS,Persons,_Z,Not applicable,_Z,Not applicable,CARE,Caring personnel,_Z,Not applicable,P,Practicing,_Z,Not applicable,2020,,2268,,,,,,,,,,,,,,,
DATAFLOW,OECD.ELS.HD:DSD_HEALTH_REAC_EMP@DF_CARE(1.1),Caring personnel (personal care workers),I,LVA,Latvia,HSE,Health and social employment,PS,Persons,_Z,Not applicable,_Z,Not applicable,CARE,Caring personnel,_Z,Not applicable,P,Practicing,_Z,Not applicable,2021,,2374,,,,,,,,,,,,,,,
DATAFLOW,OECD.ELS.HD:DSD_HEALTH_REAC_EMP@DF_CARE(1.1),Caring personnel (personal care workers),I,LVA,Latvia,HSE,Health and social employment,PS,Persons,_Z,Not applicable,_Z,Not applicable,CARE,Caring personnel,_Z,Not applicable,P,Practicing,_Z,Not applicable,2022,,2416,,,,,,,,,,,,,,,
DATAFLOW,OECD.ELS.HD:DSD_HEALTH_REAC_EMP@DF_CARE(1.1),Caring personnel (personal care workers),I,LVA,Latvia,HSE,Health and social employment,PS,Persons,_Z,Not applicable,_Z,Not applicable,CARE,Caring personnel,_Z,Not applicable,P,Practicing,_Z,Not applicable,2023,,2458,,,,,,,,,,,,,,,
DATAFLOW,OECD.ELS.HD:DSD_HEALTH_REAC_EMP@DF_CARE(1.1),Caring personnel (personal care workers),I,LVA,Latvia,HSE,Health and social employment,PS,Persons,_Z,Not applicable,_Z,Not applicable,CARE,Caring personnel,_Z,Not applicable,P,Practicing,_Z,Not applicable,2024,,2489,,,,,,,,,,,,,,,
DATAFLOW,OECD.ELS.HD:DSD_HEALTH_REAC_EMP@DF_CARE(1.1),Caring personnel (personal care workers),I,LTU,Lithuania,HSE,Health and social employment,PS,Persons,_Z,Not applicable,_Z,Not applicable,CARE,Caring personnel,_Z,Not applicable,P,Practicing,_Z,Not applicable,2015,,7235,,,,,,,,,,,,,,,
DATAFLOW,OECD.ELS.HD:DSD_HEALTH_REAC_EMP@DF_CARE(1.1),Caring personnel (personal care workers),I,LTU,Lithuania,HSE,Health and social employment,PS,Persons,_Z,Not applicable,_Z,Not applicable,CARE,Caring personnel,_Z,Not applicable,P,Practicing,_Z,Not applicable,2016,,7515,,,,,,,,,,,,,,,
DATAFLOW,OECD.ELS.HD:DSD_HEALTH_REAC_EMP@DF_CARE(1.1),Caring personnel (personal care workers),I,LTU,Lithuania,HSE,Health and social employment,PS,Persons,_Z,Not applicable,_Z,Not applicable,CARE,Caring personnel,_Z,Not applicable,P,Practicing,_Z,Not applicable,2017,,7685,,,,,,,,,,,,,,,
DATAFLOW,OECD.ELS.HD:DSD_HEALTH_REAC_EMP@DF_CARE(1.1),Caring personnel (personal care workers),I,LTU,Lithuania,HSE,Health and social employment,PS,Persons,_Z,Not applicable,_Z,Not applicable,CARE,Caring personnel,_Z,Not applicable,P,Practicing,_Z,Not applicable,2018,,7966,,,,,,,,,,,,,,,
DATAFLOW,OECD.ELS.HD:DSD_HEALTH_REAC_EMP@DF_CARE(1.1),Caring personnel (personal care workers),I,LTU,Lithuania,HSE,Health and social employment,PS,Persons,_Z,Not applicable,_Z,Not applicable,CARE,Caring personnel,_Z,Not applicable,P,Practicing,_Z,Not applicable,2019,,8012,,,,,,,,,,,,,,,
DATAFLOW,OECD.ELS.HD:DSD_HEALTH_REAC_EMP@DF_CARE(1.1),Caring personnel (personal care workers),I,LTU,Lithuania,HSE,Health and social employment,PS,Persons,_Z,Not applicable,_Z,Not applicable,CARE,Caring personnel,_Z,Not applicable,P,Practicing,_Z,Not applicable,2021,,5641,,,,,,,,,,,,,,,
DATAFLOW,OECD.ELS.HD:DSD_HEALTH_REAC_EMP@DF_CARE(1.1),Caring personnel (personal care workers),I,LTU,Lithuania,HSE,Health and social employment,PS,Persons,_Z,Not applicable,_Z,Not applicable,CARE,Caring personnel,_Z,Not applicable,P,Practicing,_Z,Not applicable,2022,,5803,,,,,,,,,,,,,,,
DATAFLOW,OECD.ELS.HD:DSD_HEALTH_REAC_EMP@DF_CARE(1.1),Caring personnel (personal care workers),I,LTU,Lithuania,HSE,Health and social employment,PS,Persons,_Z,Not applicable,_Z,Not applicable,CARE,Caring personnel,_Z,Not applicable,P,Practicing,_Z,Not applicable,2023,,6412,,,,,,,,,,,,,,,
DATAFLOW,OECD.ELS.HD:DSD_HEALTH_REAC_EMP@DF_CARE(1.1),Caring personnel (personal care workers),I,LTU,Lithuania,HSE,Health and social employment,PS,Persons,_Z,Not applicable,_Z,Not applicable,CARE,Caring personnel,_Z,Not applicable,P,Practicing,_Z,Not applicable,2024,,6723,,,,,,,,,,,,,,,
DATAFLOW,OECD.ELS.HD:DSD_HEALTH_REAC_EMP@DF_CARE(1.1),Caring personnel (personal care workers),I,LUX,Luxembourg,HSE,Health and social employment,PS,Persons,_Z,Not applicable,_Z,Not applicable,CARE,Caring personnel,_Z,Not applicable,P,Practicing,_Z,Not applicable,2015,,3415,,,,,,,,,,,,,,,
DATAFLOW,OECD.ELS.HD:DSD_HEALTH_REAC_EMP@DF_CARE(1.1),Caring personnel (personal care workers),I,LUX,Luxembourg,HSE,Health and social employment,PS,Persons,_Z,Not applicable,_Z,Not applicable,CARE,Caring personnel,_Z,Not applicable,P,Practicing,_Z,Not applicable,2016,,3531,,,,,,,,,,,,,,,
DATAFLOW,OECD.ELS.HD:DSD_HEALTH_REAC_EMP@DF_CARE(1.1),Caring personnel (personal care workers),I,LUX,Luxembourg,HSE,Health and social employment,PS,Persons,_Z,Not applicable,_Z,Not applicable,CARE,Caring personnel,_Z,Not applicable,P,Practicing,_Z,Not applicable,2017,,3644,,,,,,,,,,,,,,,
DATAFLOW,OECD.ELS.HD:DSD_HEALTH_REAC_EMP@DF_CARE(1.1),Caring personnel (personal care workers),I,NOR,Norway,HSE,Health and social employment,PS,Persons,_Z,Not applicable,_Z,Not applicable,CARE,Caring personnel,_Z,Not applicable,P,Practicing,_Z,Not applicable,2016,,95699,,,,,,,,,,,,,,,
DATAFLOW,OECD.ELS.HD:DSD_HEALTH_REAC_EMP@DF_CARE(1.1),Caring personnel (personal care workers),I,NOR,Norway,HSE,Health and social employment,PS,Persons,_Z,Not applicable,_Z,Not applicable,CARE,Caring personnel,_Z,Not applicable,P,Practicing,_Z,Not applicable,2017,,96277,,,,,,,,,,,,,,,
DATAFLOW,OECD.ELS.HD:DSD_HEALTH_REAC_EMP@DF_CARE(1.1),Caring personnel (personal care workers),I,NOR,Norway,HSE,Health and social employment,PS,Persons,_Z,Not applicable,_Z,Not applicable,CARE,Caring personnel,_Z,Not applicable,P,Practicing,_Z,Not applicable,2018,,97386,,,,,,,,,,,,,,,
DATAFLOW,OECD.ELS.HD:DSD_HEALTH_REAC_EMP@DF_CARE(1.1),Caring personnel (personal care workers),I,NOR,Norway,HSE,Health and social employment,PS,Persons,_Z,Not applicable,_Z,Not applicable,CARE,Caring personnel,_Z,Not applicable,P,Practicing,_Z,Not applicable,2019,,97421,,,,,,,,,,,,,,,
DATAFLOW,OECD.ELS.HD:DSD_HEALTH_REAC_EMP@DF_CARE(1.1),Caring personnel (personal care workers),I,NOR,Norway,HSE,Health and social employment,PS,Persons,_Z,Not applicable,_Z,Not applicable,CARE,Caring personnel,_Z,Not applicable,P,Practicing,_Z,Not applicable,2020,,97359,,,,,,,,,,,,,,,
DATAFLOW,OECD.ELS.HD:DSD_HEALTH_REAC_EMP@DF_CARE(1.1),Caring personnel (personal care workers),I,NOR,Norway,HSE,Health and social employment,PS,Persons,_Z,Not applicable,_Z,Not applicable,CARE,Caring personnel,_Z,Not applicable,P,Practicing,_Z,Not applicable,2021,,98209,,,,,,,,,,,,,,,
DATAFLOW,OECD.ELS.HD:DSD_HEALTH_REAC_EMP@DF_CARE(1.1),Caring personnel (personal care workers),I,NOR,Norway,HSE,Health and social employment,PS,Persons,_Z,Not applicable,_Z,Not applicable,CARE,Caring personnel,_Z,Not applicable,P,Practicing,_Z,Not applicable,2022,,98876,,,,,,,,,,,,,,,
DATAFLOW,OECD.ELS.HD:DSD_HEALTH_REAC_EMP@DF_CARE(1.1),Caring personnel (personal care workers),I,NOR,Norway,HSE,Health and social employment,PS,Persons,_Z,Not applicable,_Z,Not applicable,CARE,Caring personnel,_Z,Not applicable,P,Practicing,_Z,Not applicable,2023,,100201,,,,,,,,,,,,,,,
DATAFLOW,OECD.ELS.HD:DSD_HEALTH_REAC_EMP@DF_CARE(1.1),Caring personnel (personal care workers),I,NOR,Norway,HSE,Health and social employment,PS,Persons,_Z,Not applicable,_Z,Not applicable,CARE,Caring personnel,_Z,Not applicable,P,Practicing,_Z,Not applicable,2024,,101300,,,,,,,,,,,,,,,
DATAFLOW,OECD.ELS.HD:DSD_HEALTH_REAC_EMP@DF_CARE(1.1),Caring personnel (personal care workers),I,POL,Poland,HSE,Health and social employment,PS,Persons,_Z,Not applicable,_Z,Not applicable,CARE,Caring personnel,_Z,Not applicable,P,Practicing,_Z,Not applicable,2016,,5675,,,,,,,,,,,,,,,
DATAFLOW,OECD.ELS.HD:DSD_HEALTH_REAC_EMP@DF_CARE(1.1),Caring personnel (personal care workers),I,POL,Poland,HSE,Health and social employment,PS,Persons,_Z,Not applicable,_Z,Not applicable,CARE,Caring personnel,_Z,Not applicable,P,Practicing,_Z,Not applicable,2017,,6748,,,,,,,,,,,,,,,
DATAFLOW,OECD.ELS.HD:DSD_HEALTH_REAC_EMP@DF_CARE(1.1),Caring personnel (personal care workers),I,POL,Poland,HSE,Health and social employment,PS,Persons,_Z,Not applicable,_Z,Not applicable,CARE,Caring personnel,_Z,Not applicable,P,Practicing,_Z,Not applicable,2018,,7719,,,,,,,,,,,,,,,
DATAFLOW,OECD.ELS.HD:DSD_HEALTH_REAC_EMP@DF_CARE(1.1),Caring personnel (personal care workers),I,POL,Poland,HSE,Health and social employment,PS,Persons,_Z,Not applicable,_Z,Not applicable,CARE,Caring personnel,_Z,Not applicable,P,Practicing,_Z,Not applicable,2019,,8564,,,,,,,,,,,,,,,
DATAFLOW,OECD.ELS.HD:DSD_HEALTH_REAC_EMP@DF_CARE(1.1),Caring personnel (personal care workers),I,POL,Poland,HSE,Health and social employment,PS,Persons,_Z,Not applicable,_Z,Not applicable,CARE,Caring personnel,_Z,Not applicable,P,Practicing,_Z,Not applicable,2020,,9232,,,,,,,,,,,,,,,
DATAFLOW,OECD.ELS.HD:DSD_HEALTH_REAC_EMP@DF_CARE(1.1),Caring personnel (personal care workers),I,POL,Poland,HSE,Health and social employment,PS,Persons,_Z,Not applicable,_Z,Not applicable,CARE,Caring personnel,_Z,Not applicable,P,Practicing,_Z,Not applicable,2021,,10948,,,,,,,,,,,,,,,
DATAFLOW,OECD.ELS.HD:DSD_HEALTH_REAC_EMP@DF_CARE(1.1),Caring personnel (personal care workers),I,POL,Poland,HSE,Health and social employment,PS,Persons,_Z,Not applicable,_Z,Not applicable,CARE,Caring personnel,_Z,Not applicable,P,Practicing,_Z,Not applicable,2022,,12390,,,,,,,,,,,,,,,
DATAFLOW,OECD.ELS.HD:DSD_HEALTH_REAC_EMP@DF_CARE(1.1),Caring personnel (personal care workers),I,SVN,Slovenia,HSE,Health and social employment,PS,Persons,_Z,Not applicable,_Z,Not applicable,CARE,Caring personnel,_Z,Not applicable,P,Practicing,_Z,Not applicable,2015,,3798,,,,,,,,,,,,,,,
DATAFLOW,OECD.ELS.HD:DSD_HEALTH_REAC_EMP@DF_CARE(1.1),Caring personnel (personal care workers),I,CHE,Switzerland,HSE,Health and social employment,PS,Persons,_Z,Not applicable,_Z,Not applicable,CARE,Caring personnel,_Z,Not applicable,P,Practicing,_Z,Not applicable,2015,,63245,,,,,,,,,,,,,,,
DATAFLOW,OECD.ELS.HD:DSD_HEALTH_REAC_EMP@DF_CARE(1.1),Caring personnel (personal care workers),I,CHE,Switzerland,HSE,Health and social employment,PS,Persons,_Z,Not applicable,_Z,Not applicable,CARE,Caring personnel,_Z,Not applicable,P,Practicing,_Z,Not applicable,2016,,64367,,,,,,,,,,,,,,,
DATAFLOW,OECD.ELS.HD:DSD_HEALTH_REAC_EMP@DF_CARE(1.1),Caring personnel (personal care workers),I,CHE,Switzerland,HSE,Health and social employment,PS,Persons,_Z,Not applicable,_Z,Not applicable,CARE,Caring personnel,_Z,Not applicable,P,Practicing,_Z,Not applicable,2017,,65137,,,,,,,,,,,,,,,
DATAFLOW,OECD.ELS.HD:DSD_HEALTH_REAC_EMP@DF_CARE(1.1),Caring personnel (personal care workers),I,CHE,Switzerland,HSE,Health and social employment,PS,Persons,_Z,Not applicable,_Z,Not applicable,CARE,Caring personnel,_Z,Not applicable,P,Practicing,_Z,Not applicable,2018,,64754,,,,,,,,,,,,,,,
DATAFLOW,OECD.ELS.HD:DSD_HEALTH_REAC_EMP@DF_CARE(1.1),Caring personnel (personal care workers),I,CHE,Switzerland,HSE,Health and social employment,PS,Persons,_Z,Not applicable,_Z,Not applicable,CARE,Caring personnel,_Z,Not applicable,P,Practicing,_Z,Not applicable,2019,,65674,,,,,,,,,,,,,,,
DATAFLOW,OECD.ELS.HD:DSD_HEALTH_REAC_EMP@DF_CARE(1.1),Caring personnel (personal care workers),I,CHE,Switzerland,HSE,Health and social employment,PS,Persons,_Z,Not applicable,_Z,Not applicable,CARE,Caring personnel,_Z,Not applicable,P,Practicing,_Z,Not applicable,2020,,67474,,,,,,,,,,,,,,,
DATAFLOW,OECD.ELS.HD:DSD_HEALTH_REAC_EMP@DF_CARE(1.1),Caring personnel (personal care workers),I,CHE,Switzerland,HSE,Health and social employment,PS,Persons,_Z,Not applicable,_Z,Not applicable,CARE,Caring personnel,_Z,Not applicable,P,Practicing,_Z,Not applicable,2021,,67712,,,,,,,,,,,,,,,
DATAFLOW,OECD.ELS.HD:DSD_HEALTH_REAC_EMP@DF_CARE(1.1),Caring personnel (personal care workers),I,CHE,Switzerland,HSE,Health and social employment,PS,Persons,_Z,Not applicable,_Z,Not applicable,CARE,Caring personnel,_Z,Not applicable,P,Practicing,_Z,Not applicable,2022,,69256,,,,,,,,,,,,,,,
DATAFLOW,OECD.ELS.HD:DSD_HEALTH_REAC_EMP@DF_CARE(1.1),Caring personnel (personal care workers),I,CHE,Switzerland,HSE,Health and social employment,PS,Persons,_Z,Not applicable,_Z,Not applicable,CARE,Caring personnel,_Z,Not applicable,P,Practicing,_Z,Not applicable,2023,,70985,,,,,,,,,,,,,,,
DATAFLOW,OECD.ELS.HD:DSD_HEALTH_REAC_EMP@DF_CARE(1.1),Caring personnel (personal care workers),I,CHE,Switzerland,HSE,Health and social employment,PS,Persons,_Z,Not applicable,_Z,Not applicable,CARE,Caring personnel,_Z,Not applicable,P,Practicing,_Z,Not applicable,2024,,75449,,,,,,,,,,,,,,,
DATAFLOW,OECD.ELS.HD:DSD_HEALTH_REAC_EMP@DF_CARE(1.1),Caring personnel (personal care workers),I,USA,United States,HSE,Health and social employment,PS,Persons,_Z,Not applicable,_Z,Not applicable,CARE,Caring personnel,_Z,Not applicable,P,Practicing,_Z,Not applicable,2015,,3785290,,,,,,,,,,,,,,,
DATAFLOW,OECD.ELS.HD:DSD_HEALTH_REAC_EMP@DF_CARE(1.1),Caring personnel (personal care workers),I,USA,United States,HSE,Health and social employment,PS,Persons,_Z,Not applicable,_Z,Not applicable,CARE,Caring personnel,_Z,Not applicable,P,Practicing,_Z,Not applicable,2016,,3922980,,,,,,,,,,,,,,,
DATAFLOW,OECD.ELS.HD:DSD_HEALTH_REAC_EMP@DF_CARE(1.1),Caring personnel (personal care workers),I,USA,United States,HSE,Health and social employment,PS,Persons,_Z,Not applicable,_Z,Not applicable,CARE,Caring personnel,_Z,Not applicable,P,Practicing,_Z,Not applicable,2018,,4617690,,,,,,,,,,,,,,,
DATAFLOW,OECD.ELS.HD:DSD_HEALTH_REAC_EMP@DF_CARE(1.1),Caring personnel (personal care workers),I,USA,United States,HSE,Health and social employment,PS,Persons,_Z,Not applicable,_Z,Not applicable,CARE,Caring personnel,_Z,Not applicable,P,Practicing,_Z,Not applicable,2019,,4683430,,,,,,,,,,,,,,,
DATAFLOW,OECD.ELS.HD:DSD_HEALTH_REAC_EMP@DF_CARE(1.1),Caring personnel (personal care workers),I,USA,United States,HSE,Health and social employment,PS,Persons,_Z,Not applicable,_Z,Not applicable,CARE,Caring personnel,_Z,Not applicable,P,Practicing,_Z,Not applicable,2020,,4667760,,,,,,,,,,,,,,,
DATAFLOW,OECD.ELS.HD:DSD_HEALTH_REAC_EMP@DF_CARE(1.1),Caring personnel (personal care workers),I,USA,United States,HSE,Health and social employment,PS,Persons,_Z,Not applicable,_Z,Not applicable,CARE,Caring personnel,_Z,Not applicable,P,Practicing,_Z,Not applicable,2021,,4765610,,,,,,,,,,,,,,,
DATAFLOW,OECD.ELS.HD:DSD_HEALTH_REAC_EMP@DF_CARE(1.1),Caring personnel (personal care workers),I,USA,United States,HSE,Health and social employment,PS,Persons,_Z,Not applicable,_Z,Not applicable,CARE,Caring personnel,_Z,Not applicable,P,Practicing,_Z,Not applicable,2022,,4889700,,,,,,,,,,,,,,,
DATAFLOW,OECD.ELS.HD:DSD_HEALTH_REAC_EMP@DF_CARE(1.1),Caring personnel (personal care workers),I,USA,United States,HSE,Health and social employment,PS,Persons,_Z,Not applicable,_Z,Not applicable,CARE,Caring personnel,_Z,Not applicable,P,Practicing,_Z,Not applicable,2023,,5122140,,,,,,,,,,,,,,,
DATAFLOW,OECD.ELS.HD:DSD_HEALTH_REAC_EMP@DF_CARE(1.1),Caring personnel (personal care workers),I,USA,United States,HSE,Health and social employment,PS,Persons,_Z,Not applicable,_Z,Not applicable,CARE,Caring personnel,_Z,Not applicable,P,Practicing,_Z,Not applicable,2024,,5464490,,,,,,,,,,,,,,,
DATAFLOW,OECD.ELS.HD:DSD_HEALTH_REAC_EMP@DF_CARE(1.1),Caring personnel (personal care workers),I,BGR,Bulgaria,HSE,Health and social employment,PS,Persons,_Z,Not applicable,_Z,Not applicable,CARE,Caring personnel,_Z,Not applicable,P,Practicing,_Z,Not applicable,2015,,124,,,,,,,,,,,,,,,
DATAFLOW,OECD.ELS.HD:DSD_HEALTH_REAC_EMP@DF_CARE(1.1),Caring personnel (personal care workers),I,BGR,Bulgaria,HSE,Health and social employment,PS,Persons,_Z,Not applicable,_Z,Not applicable,CARE,Caring personnel,_Z,Not applicable,P,Practicing,_Z,Not applicable,2016,,213,,,,,,,,,,,,,,,
DATAFLOW,OECD.ELS.HD:DSD_HEALTH_REAC_EMP@DF_CARE(1.1),Caring personnel (personal care workers),I,BGR,Bulgaria,HSE,Health and social employment,PS,Persons,_Z,Not applicable,_Z,Not applicable,CARE,Caring personnel,_Z,Not applicable,P,Practicing,_Z,Not applicable,2017,,262,,,,,,,,,,,,,,,
DATAFLOW,OECD.ELS.HD:DSD_HEALTH_REAC_EMP@DF_CARE(1.1),Caring personnel (personal care workers),I,BGR,Bulgaria,HSE,Health and social employment,PS,Persons,_Z,Not applicable,_Z,Not applicable,CARE,Caring personnel,_Z,Not applicable,P,Practicing,_Z,Not applicable,2018,,377,,,,,,,,,,,,,,,
DATAFLOW,OECD.ELS.HD:DSD_HEALTH_REAC_EMP@DF_CARE(1.1),Caring personnel (personal care workers),I,BGR,Bulgaria,HSE,Health and social employment,PS,Persons,_Z,Not applicable,_Z,Not applicable,CARE,Caring personnel,_Z,Not applicable,P,Practicing,_Z,Not applicable,2019,,572,,,,,,,,,,,,,,,
DATAFLOW,OECD.ELS.HD:DSD_HEALTH_REAC_EMP@DF_CARE(1.1),Caring personnel (personal care workers),I,BGR,Bulgaria,HSE,Health and social employment,PS,Persons,_Z,Not applicable,_Z,Not applicable,CARE,Caring personnel,_Z,Not applicable,P,Practicing,_Z,Not applicable,2020,,583,,,,,,,,,,,,,,,
DATAFLOW,OECD.ELS.HD:DSD_HEALTH_REAC_EMP@DF_CARE(1.1),Caring personnel (personal care workers),I,BGR,Bulgaria,HSE,Health and social employment,PS,Persons,_Z,Not applicable,_Z,Not applicable,CARE,Caring personnel,_Z,Not applicable,P,Practicing,_Z,Not applicable,2021,,791,,,,,,,,,,,,,,,
DATAFLOW,OECD.ELS.HD:DSD_HEALTH_REAC_EMP@DF_CARE(1.1),Caring personnel (personal care workers),I,BGR,Bulgaria,HSE,Health and social employment,PS,Persons,_Z,Not applicable,_Z,Not applicable,CARE,Caring personnel,_Z,Not applicable,P,Practicing,_Z,Not applicable,2022,,762,,,,,,,,,,,,,,,
DATAFLOW,OECD.ELS.HD:DSD_HEALTH_REAC_EMP@DF_CARE(1.1),Caring personnel (personal care workers),I,BGR,Bulgaria,HSE,Health and social employment,PS,Persons,_Z,Not applicable,_Z,Not applicable,CARE,Caring personnel,_Z,Not applicable,P,Practicing,_Z,Not applicable,2023,,822,,,,,,,,,,,,,,,
DATAFLOW,OECD.ELS.HD:DSD_HEALTH_REAC_EMP@DF_CARE(1.1),Caring personnel (personal care workers),I,BGR,Bulgaria,HSE,Health and social employment,PS,Persons,_Z,Not applicable,_Z,Not applicable,CARE,Caring personnel,_Z,Not applicable,P,Practicing,_Z,Not applicable,2024,,1047,,,,,,,,,,,,,,,
DATAFLOW,OECD.ELS.HD:DSD_HEALTH_REAC_EMP@DF_CARE(1.1),Caring personnel (personal care workers),I,HRV,Croatia,HSE,Health and social employment,PS,Persons,_Z,Not applicable,_Z,Not applicable,CARE,Caring personnel,_Z,Not applicable,P,Practicing,_Z,Not applicable,2015,,407,,,,,,,,,,,,,,,
DATAFLOW,OECD.ELS.HD:DSD_HEALTH_REAC_EMP@DF_CARE(1.1),Caring personnel (personal care workers),I,HRV,Croatia,HSE,Health and social employment,PS,Persons,_Z,Not applicable,_Z,Not applicable,CARE,Caring personnel,_Z,Not applicable,P,Practicing,_Z,Not applicable,2016,,381,,,,,,,,,,,,,,,
DATAFLOW,OECD.ELS.HD:DSD_HEALTH_REAC_EMP@DF_CARE(1.1),Caring personnel (personal care workers),I,HRV,Croatia,HSE,Health and social employment,PS,Persons,_Z,Not applicable,_Z,Not applicable,CARE,Caring personnel,_Z,Not applicable,P,Practicing,_Z,Not applicable,2017,,417,,,,,,,,,,,,,,,
DATAFLOW,OECD.ELS.HD:DSD_HEALTH_REAC_EMP@DF_CARE(1.1),Caring personnel (personal care workers),I,HRV,Croatia,HSE,Health and social employment,PS,Persons,_Z,Not applicable,_Z,Not applicable,CARE,Caring personnel,_Z,Not applicable,P,Practicing,_Z,Not applicable,2018,,634,,,,,,,,,,,,,,,
DATAFLOW,OECD.ELS.HD:DSD_HEALTH_REAC_EMP@DF_CARE(1.1),Caring personnel (personal care workers),I,HRV,Croatia,HSE,Health and social employment,PS,Persons,_Z,Not applicable,_Z,Not applicable,CARE,Caring personnel,_Z,Not applicable,P,Practicing,_Z,Not applicable,2019,,638,,,,,,,,,,,,,,,
DATAFLOW,OECD.ELS.HD:DSD_HEALTH_REAC_EMP@DF_CARE(1.1),Caring personnel (personal care workers),I,HRV,Croatia,HSE,Health and social employment,PS,Persons,_Z,Not applicable,_Z,Not applicable,CARE,Caring personnel,_Z,Not applicable,P,Practicing,_Z,Not applicable,2020,,614,,,,,,,,,,,,,,,
DATAFLOW,OECD.ELS.HD:DSD_HEALTH_REAC_EMP@DF_CARE(1.1),Caring personnel (personal care workers),I,HRV,Croatia,HSE,Health and social employment,PS,Persons,_Z,Not applicable,_Z,Not applicable,CARE,Caring personnel,_Z,Not applicable,P,Practicing,_Z,Not applicable,2021,,691,,,,,,,,,,,,,,,
DATAFLOW,OECD.ELS.HD:DSD_HEALTH_REAC_EMP@DF_CARE(1.1),Caring personnel (personal care workers),I,HRV,Croatia,HSE,Health and social employment,PS,Persons,_Z,Not applicable,_Z,Not applicable,CARE,Caring personnel,_Z,Not applicable,P,Practicing,_Z,Not applicable,2022,,742,,,,,,,,,,,,,,,
DATAFLOW,OECD.ELS.HD:DSD_HEALTH_REAC_EMP@DF_CARE(1.1),Caring personnel (personal care workers),I,HRV,Croatia,HSE,Health and social employment,PS,Persons,_Z,Not applicable,_Z,Not applicable,CARE,Caring personnel,_Z,Not applicable,P,Practicing,_Z,Not applicable,2023,,799,,,,,,,,,,,,,,,
DATAFLOW,OECD.ELS.HD:DSD_HEALTH_REAC_EMP@DF_CARE(1.1),Caring personnel (personal care workers),I,HRV,Croatia,HSE,Health and social employment,PS,Persons,_Z,Not applicable,_Z,Not applicable,CARE,Caring personnel,_Z,Not applicable,P,Practicing,_Z,Not applicable,2024,,836,,,,,,,,,,,,,,,
DATAFLOW,OECD.ELS.HD:DSD_HEALTH_REAC_EMP@DF_CARE(1.1),Caring personnel (personal care workers),I,UKR,Ukraine,HSE,Health and social employment,PS,Persons,_Z,Not applicable,_Z,Not applicable,CARE,Caring personnel,_Z,Not applicable,P,Practicing,_Z,Not applicable,2024,,21600,,,,,,,,,,,,,,,
DATAFLOW,OECD.ELS.HD:DSD_HEALTH_REAC_EMP@DF_CARE(1.1),Caring personnel (personal care workers),I,BEL,Belgium,HSE,Health and social employment,10P3HB,Per 1 000 inhabitants,_Z,Not applicable,_Z,Not applicable,CARE,Caring personnel,_Z,Not applicable,P,Practicing,_Z,Not applicable,2018,,6.29,,,,,,,,,,,,,,,
DATAFLOW,OECD.ELS.HD:DSD_HEALTH_REAC_EMP@DF_CARE(1.1),Caring personnel (personal care workers),I,BEL,Belgium,HSE,Health and social employment,10P3HB,Per 1 000 inhabitants,_Z,Not applicable,_Z,Not applicable,CARE,Caring personnel,_Z,Not applicable,P,Practicing,_Z,Not applicable,2021,,6.37,,,,,,,,,,,,,,,
DATAFLOW,OECD.ELS.HD:DSD_HEALTH_REAC_EMP@DF_CARE(1.1),Caring personnel (personal care workers),I,BEL,Belgium,HSE,Health and social employment,10P3HB,Per 1 000 inhabitants,_Z,Not applicable,_Z,Not applicable,CARE,Caring personnel,_Z,Not applicable,P,Practicing,_Z,Not applicable,2022,,6.44,,,,,,,,,,,,,,,
DATAFLOW,OECD.ELS.HD:DSD_HEALTH_REAC_EMP@DF_CARE(1.1),Caring personnel (personal care workers),I,CAN,Canada,HSE,Health and social employment,10P3HB,Per 1 000 inhabitants,_Z,Not applicable,_Z,Not applicable,CARE,Caring personnel,_Z,Not applicable,P,Practicing,_Z,Not applicable,2016,,5.85,,,,,,,,,,,,,,,
DATAFLOW,OECD.ELS.HD:DSD_HEALTH_REAC_EMP@DF_CARE(1.1),Caring personnel (personal care workers),I,CAN,Canada,HSE,Health and social employment,10P3HB,Per 1 000 inhabitants,_Z,Not applicable,_Z,Not applicable,CARE,Caring personnel,_Z,Not applicable,P,Practicing,_Z,Not applicable,2021,,6.91,,,,,,,,,,,,,,,
DATAFLOW,OECD.ELS.HD:DSD_HEALTH_REAC_EMP@DF_CARE(1.1),Caring personnel (personal care workers),I,CRI,Costa Rica,HSE,Health and social employment,10P3HB,Per 1 000 inhabitants,_Z,Not applicable,_Z,Not applicable,CARE,Caring personnel,_Z,Not applicable,P,Practicing,_Z,Not applicable,2015,,2.49,,,,,,,,,,,,,,,
DATAFLOW,OECD.ELS.HD:DSD_HEALTH_REAC_EMP@DF_CARE(1.1),Caring personnel (personal care workers),I,CRI,Costa Rica,HSE,Health and social employment,10P3HB,Per 1 000 inhabitants,_Z,Not applicable,_Z,Not applicable,CARE,Caring personnel,_Z,Not applicable,P,Practicing,_Z,Not applicable,2016,,2.48,,,,,,,,,,,,,,,
DATAFLOW,OECD.ELS.HD:DSD_HEALTH_REAC_EMP@DF_CARE(1.1),Caring personnel (personal care workers),I,CRI,Costa Rica,HSE,Health and social employment,10P3HB,Per 1 000 inhabitants,_Z,Not applicable,_Z,Not applicable,CARE,Caring personnel,_Z,Not applicable,P,Practicing,_Z,Not applicable,2017,,2.51,,,,,,,,,,,,,,,
DATAFLOW,OECD.ELS.HD:DSD_HEALTH_REAC_EMP@DF_CARE(1.1),Caring personnel (personal care workers),I,CRI,Costa Rica,HSE,Health and social employment,10P3HB,Per 1 000 inhabitants,_Z,Not applicable,_Z,Not applicable,CARE,Caring personnel,_Z,Not applicable,P,Practicing,_Z,Not applicable,2018,,2.57,,,,,,,,,,,,,,,
DATAFLOW,OECD.ELS.HD:DSD_HEALTH_REAC_EMP@DF_CARE(1.1),Caring personnel (personal care workers),I,CRI,Costa Rica,HSE,Health and social employment,10P3HB,Per 1 000 inhabitants,_Z,Not applicable,_Z,Not applicable,CARE,Caring personnel,_Z,Not applicable,P,Practicing,_Z,Not applicable,2019,,2.62,,,,,,,,,,,,,,,
DATAFLOW,OECD.ELS.HD:DSD_HEALTH_REAC_EMP@DF_CARE(1.1),Caring personnel (personal care workers),I,CRI,Costa Rica,HSE,Health and social employment,10P3HB,Per 1 000 inhabitants,_Z,Not applicable,_Z,Not applicable,CARE,Caring personnel,_Z,Not applicable,P,Practicing,_Z,Not applicable,2020,,2.9,,,,,,,,,,,,,,,
DATAFLOW,OECD.ELS.HD:DSD_HEALTH_REAC_EMP@DF_CARE(1.1),Caring personnel (personal care workers),I,CRI,Costa Rica,HSE,Health and social employment,10P3HB,Per 1 000 inhabitants,_Z,Not applicable,_Z,Not applicable,CARE,Caring personnel,_Z,Not applicable,P,Practicing,_Z,Not applicable,2021,,3.17,,,,,,,,,,,,,,,
DATAFLOW,OECD.ELS.HD:DSD_HEALTH_REAC_EMP@DF_CARE(1.1),Caring personnel (personal care workers),I,CRI,Costa Rica,HSE,Health and social employment,10P3HB,Per 1 000 inhabitants,_Z,Not applicable,_Z,Not applicable,CARE,Caring personnel,_Z,Not applicable,P,Practicing,_Z,Not applicable,2022,,3,,,,,,,,,,,,,,,
DATAFLOW,OECD.ELS.HD:DSD_HEALTH_REAC_EMP@DF_CARE(1.1),Caring personnel (personal care workers),I,CRI,Costa Rica,HSE,Health and social employment,10P3HB,Per 1 000 inhabitants,_Z,Not applicable,_Z,Not applicable,CARE,Caring personnel,_Z,Not applicable,P,Practicing,_Z,Not applicable,2023,,2.91,,,,,,,,,,,,,,,
DATAFLOW,OECD.ELS.HD:DSD_HEALTH_REAC_EMP@DF_CARE(1.1),Caring personnel (personal care workers),I,CRI,Costa Rica,HSE,Health and social employment,10P3HB,Per 1 000 inhabitants,_Z,Not applicable,_Z,Not applicable,CARE,Caring personnel,_Z,Not applicable,P,Practicing,_Z,Not applicable,2024,,2.86,,,,,,,,,,,,,,,
DATAFLOW,OECD.ELS.HD:DSD_HEALTH_REAC_EMP@DF_CARE(1.1),Caring personnel (personal care workers),I,CRI,Costa Rica,HSE,Health and social employment,10P3HB,Per 1 000 inhabitants,_Z,Not applicable,_Z,Not applicable,CARE,Caring personnel,_Z,Not applicable,P,Practicing,_Z,Not applicable,2025,,2.87,,,,,,,,,,,,,,,
DATAFLOW,OECD.ELS.HD:DSD_HEALTH_REAC_EMP@DF_CARE(1.1),Caring personnel (personal care workers),I,CZE,Czechia,HSE,Health and social employment,10P3HB,Per 1 000 inhabitants,_Z,Not applicable,_Z,Not applicable,CARE,Caring personnel,_Z,Not applicable,P,Practicing,_Z,Not applicable,2015,,2.49,,,,,,,,,,,,,,,
DATAFLOW,OECD.ELS.HD:DSD_HEALTH_REAC_EMP@DF_CARE(1.1),Caring personnel (personal care workers),I,CZE,Czechia,HSE,Health and social employment,10P3HB,Per 1 000 inhabitants,_Z,Not applicable,_Z,Not applicable,CARE,Caring personnel,_Z,Not applicable,P,Practicing,_Z,Not applicable,2016,,2.61,,,,,,,,,,,,,,,
DATAFLOW,OECD.ELS.HD:DSD_HEALTH_REAC_EMP@DF_CARE(1.1),Caring personnel (personal care workers),I,CZE,Czechia,HSE,Health and social employment,10P3HB,Per 1 000 inhabitants,_Z,Not applicable,_Z,Not applicable,CARE,Caring personnel,_Z,Not applicable,P,Practicing,_Z,Not applicable,2018,,2.27,,,,,,,,,,,,,,,
DATAFLOW,OECD.ELS.HD:DSD_HEALTH_REAC_EMP@DF_CARE(1.1),Caring personnel (personal care workers),I,CZE,Czechia,HSE,Health and social employment,10P3HB,Per 1 000 inhabitants,_Z,Not applicable,_Z,Not applicable,CARE,Caring personnel,_Z,Not applicable,P,Practicing,_Z,Not applicable,2019,,2.3,,,,,,,,,,,,,,,
DATAFLOW,OECD.ELS.HD:DSD_HEALTH_REAC_EMP@DF_CARE(1.1),Caring personnel (personal care workers),I,CZE,Czechia,HSE,Health and social employment,10P3HB,Per 1 000 inhabitants,_Z,Not applicable,_Z,Not applicable,CARE,Caring personnel,_Z,Not applicable,P,Practicing,_Z,Not applicable,2020,,2.38,,,,,,,,,,,,,,,
DATAFLOW,OECD.ELS.HD:DSD_HEALTH_REAC_EMP@DF_CARE(1.1),Caring personnel (personal care workers),I,CZE,Czechia,HSE,Health and social employment,10P3HB,Per 1 000 inhabitants,_Z,Not applicable,_Z,Not applicable,CARE,Caring personnel,_Z,Not applicable,P,Practicing,_Z,Not applicable,2021,,2.47,,,,,,,,,,,,,,,
DATAFLOW,OECD.ELS.HD:DSD_HEALTH_REAC_EMP@DF_CARE(1.1),Caring personnel (personal care workers),I,CZE,Czechia,HSE,Health and social employment,10P3HB,Per 1 000 inhabitants,_Z,Not applicable,_Z,Not applicable,CARE,Caring personnel,_Z,Not applicable,P,Practicing,_Z,Not applicable,2022,,2.77,,,,,,,,,,,,,,,
DATAFLOW,OECD.ELS.HD:DSD_HEALTH_REAC_EMP@DF_CARE(1.1),Caring personnel (personal care workers),I,CZE,Czechia,HSE,Health and social employment,10P3HB,Per 1 000 inhabitants,_Z,Not applicable,_Z,Not applicable,CARE,Caring personnel,_Z,Not applicable,P,Practicing,_Z,Not applicable,2023,,2.72,,,,,,,,,,,,,,,
DATAFLOW,OECD.ELS.HD:DSD_HEALTH_REAC_EMP@DF_CARE(1.1),Caring personnel (personal care workers),I,CZE,Czechia,HSE,Health and social employment,10P3HB,Per 1 000 inhabitants,_Z,Not applicable,_Z,Not applicable,CARE,Caring personnel,_Z,Not applicable,P,Practicing,_Z,Not applicable,2024,,2.76,,,,,,,,,,,,,,,
DATAFLOW,OECD.ELS.HD:DSD_HEALTH_REAC_EMP@DF_CARE(1.1),Caring personnel (personal care workers),I,EST,Estonia,HSE,Health and social employment,10P3HB,Per 1 000 inhabitants,_Z,Not applicable,_Z,Not applicable,CARE,Caring personnel,_Z,Not applicable,P,Practicing,_Z,Not applicable,2015,,2.79,,,,,,,,,,,,,,,
DATAFLOW,OECD.ELS.HD:DSD_HEALTH_REAC_EMP@DF_CARE(1.1),Caring personnel (personal care workers),I,EST,Estonia,HSE,Health and social employment,10P3HB,Per 1 000 inhabitants,_Z,Not applicable,_Z,Not applicable,CARE,Caring personnel,_Z,Not applicable,P,Practicing,_Z,Not applicable,2016,,2.79,,,,,,,,,,,,,,,
DATAFLOW,OECD.ELS.HD:DSD_HEALTH_REAC_EMP@DF_CARE(1.1),Caring personnel (personal care workers),I,EST,Estonia,HSE,Health and social employment,10P3HB,Per 1 000 inhabitants,_Z,Not applicable,_Z,Not applicable,CARE,Caring personnel,_Z,Not applicable,P,Practicing,_Z,Not applicable,2017,,2.8,,,,,,,,,,,,,,,
DATAFLOW,OECD.ELS.HD:DSD_HEALTH_REAC_EMP@DF_CARE(1.1),Caring personnel (personal care workers),I,EST,Estonia,HSE,Health and social employment,10P3HB,Per 1 000 inhabitants,_Z,Not applicable,_Z,Not applicable,CARE,Caring personnel,_Z,Not applicable,P,Practicing,_Z,Not applicable,2018,,2.88,,,,,,,,,,,,,,,
DATAFLOW,OECD.ELS.HD:DSD_HEALTH_REAC_EMP@DF_CARE(1.1),Caring personnel (personal care workers),I,EST,Estonia,HSE,Health and social employment,10P3HB,Per 1 000 inhabitants,_Z,Not applicable,_Z,Not applicable,CARE,Caring personnel,_Z,Not applicable,P,Practicing,_Z,Not applicable,2019,,2.98,,,,,,,,,,,,,,,
DATAFLOW,OECD.ELS.HD:DSD_HEALTH_REAC_EMP@DF_CARE(1.1),Caring personnel (personal care workers),I,EST,Estonia,HSE,Health and social employment,10P3HB,Per 1 000 inhabitants,_Z,Not applicable,_Z,Not applicable,CARE,Caring personnel,_Z,Not applicable,P,Practicing,_Z,Not applicable,2020,,3.07,,,,,,,,,,,,,,,
DATAFLOW,OECD.ELS.HD:DSD_HEALTH_REAC_EMP@DF_CARE(1.1),Caring personnel (personal care workers),I,EST,Estonia,HSE,Health and social employment,10P3HB,Per 1 000 inhabitants,_Z,Not applicable,_Z,Not applicable,CARE,Caring personnel,_Z,Not applicable,P,Practicing,_Z,Not applicable,2021,,2.89,,,,,,,,,,,,,,,
DATAFLOW,OECD.ELS.HD:DSD_HEALTH_REAC_EMP@DF_CARE(1.1),Caring personnel (personal care workers),I,EST,Estonia,HSE,Health and social employment,10P3HB,Per 1 000 inhabitants,_Z,Not applicable,_Z,Not applicable,CARE,Caring personnel,_Z,Not applicable,P,Practicing,_Z,Not applicable,2022,,2.98,,,,,,,,,,,,,,,
DATAFLOW,OECD.ELS.HD:DSD_HEALTH_REAC_EMP@DF_CARE(1.1),Caring personnel (personal care workers),I,EST,Estonia,HSE,Health and social employment,10P3HB,Per 1 000 inhabitants,_Z,Not applicable,_Z,Not applicable,CARE,Caring personnel,_Z,Not applicable,P,Practicing,_Z,Not applicable,2023,,3.02,,,,,,,,,,,,,,,
DATAFLOW,OECD.ELS.HD:DSD_HEALTH_REAC_EMP@DF_CARE(1.1),Caring personnel (personal care workers),I,EST,Estonia,HSE,Health and social employment,10P3HB,Per 1 000 inhabitants,_Z,Not applicable,_Z,Not applicable,CARE,Caring personnel,_Z,Not applicable,P,Practicing,_Z,Not applicable,2024,,3.06,,,,,,,,,,,,,,,
DATAFLOW,OECD.ELS.HD:DSD_HEALTH_REAC_EMP@DF_CARE(1.1),Caring personnel (personal care workers),I,FIN,Finland,HSE,Health and social employment,10P3HB,Per 1 000 inhabitants,_Z,Not applicable,_Z,Not applicable,CARE,Caring personnel,_Z,Not applicable,P,Practicing,_Z,Not applicable,2015,,19.41,,,,,,,,,,,,,,,
DATAFLOW,OECD.ELS.HD:DSD_HEALTH_REAC_EMP@DF_CARE(1.1),Caring personnel (personal care workers),I,FIN,Finland,HSE,Health and social employment,10P3HB,Per 1 000 inhabitants,_Z,Not applicable,_Z,Not applicable,CARE,Caring personnel,_Z,Not applicable,P,Practicing,_Z,Not applicable,2016,,19.63,,,,,,,,,,,,,,,
DATAFLOW,OECD.ELS.HD:DSD_HEALTH_REAC_EMP@DF_CARE(1.1),Caring personnel (personal care workers),I,FIN,Finland,HSE,Health and social employment,10P3HB,Per 1 000 inhabitants,_Z,Not applicable,_Z,Not applicable,CARE,Caring personnel,_Z,Not applicable,P,Practicing,_Z,Not applicable,2017,,19.73,,,,,,,,,,,,,,,
DATAFLOW,OECD.ELS.HD:DSD_HEALTH_REAC_EMP@DF_CARE(1.1),Caring personnel (personal care workers),I,FIN,Finland,HSE,Health and social employment,10P3HB,Per 1 000 inhabitants,_Z,Not applicable,_Z,Not applicable,CARE,Caring personnel,_Z,Not applicable,P,Practicing,_Z,Not applicable,2018,,20.02,,,,,,,,,,,,,,,
DATAFLOW,OECD.ELS.HD:DSD_HEALTH_REAC_EMP@DF_CARE(1.1),Caring personnel (personal care workers),I,FIN,Finland,HSE,Health and social employment,10P3HB,Per 1 000 inhabitants,_Z,Not applicable,_Z,Not applicable,CARE,Caring personnel,_Z,Not applicable,P,Practicing,_Z,Not applicable,2019,,20.04,,,,,,,,,,,,,,,
DATAFLOW,OECD.ELS.HD:DSD_HEALTH_REAC_EMP@DF_CARE(1.1),Caring personnel (personal care workers),I,FIN,Finland,HSE,Health and social employment,10P3HB,Per 1 000 inhabitants,_Z,Not applicable,_Z,Not applicable,CARE,Caring personnel,_Z,Not applicable,P,Practicing,_Z,Not applicable,2020,,20.47,,,,,,,,,,,,,,,
DATAFLOW,OECD.ELS.HD:DSD_HEALTH_REAC_EMP@DF_CARE(1.1),Caring personnel (personal care workers),I,FIN,Finland,HSE,Health and social employment,10P3HB,Per 1 000 inhabitants,_Z,Not applicable,_Z,Not applicable,CARE,Caring personnel,_Z,Not applicable,P,Practicing,_Z,Not applicable,2021,,22.56,,,,,,,,,,,,,,,
DATAFLOW,OECD.ELS.HD:DSD_HEALTH_REAC_EMP@DF_CARE(1.1),Caring personnel (personal care workers),I,FIN,Finland,HSE,Health and social employment,10P3HB,Per 1 000 inhabitants,_Z,Not applicable,_Z,Not applicable,CARE,Caring personnel,_Z,Not applicable,P,Practicing,_Z,Not applicable,2022,,23.05,,,,,,,,,,,,,,,
DATAFLOW,OECD.ELS.HD:DSD_HEALTH_REAC_EMP@DF_CARE(1.1),Caring personnel (personal care workers),I,FIN,Finland,HSE,Health and social employment,10P3HB,Per 1 000 inhabitants,_Z,Not applicable,_Z,Not applicable,CARE,Caring personnel,_Z,Not applicable,P,Practicing,_Z,Not applicable,2023,,23.5,,,,,,,,,,,,,,,
DATAFLOW,OECD.ELS.HD:DSD_HEALTH_REAC_EMP@DF_CARE(1.1),Caring personnel (personal care workers),I,FRA,France,HSE,Health and social employment,10P3HB,Per 1 000 inhabitants,_Z,Not applicable,_Z,Not applicable,CARE,Caring personnel,_Z,Not applicable,P,Practicing,_Z,Not applicable,2015,,12.87,,,,,,,,,,,,,,,
DATAFLOW,OECD.ELS.HD:DSD_HEALTH_REAC_EMP@DF_CARE(1.1),Caring personnel (personal care workers),I,FRA,France,HSE,Health and social employment,10P3HB,Per 1 000 inhabitants,_Z,Not applicable,_Z,Not applicable,CARE,Caring personnel,_Z,Not applicable,P,Practicing,_Z,Not applicable,2016,,13.09,,,,,,,,,,,,,,,
DATAFLOW,OECD.ELS.HD:DSD_HEALTH_REAC_EMP@DF_CARE(1.1),Caring personnel (personal care workers),I,FRA,France,HSE,Health and social employment,10P3HB,Per 1 000 inhabitants,_Z,Not applicable,_Z,Not applicable,CARE,Caring personnel,_Z,Not applicable,P,Practicing,_Z,Not applicable,2017,,13.31,,,,,,,,,,,,,,,
DATAFLOW,OECD.ELS.HD:DSD_HEALTH_REAC_EMP@DF_CARE(1.1),Caring personnel (personal care workers),I,FRA,France,HSE,Health and social employment,10P3HB,Per 1 000 inhabitants,_Z,Not applicable,_Z,Not applicable,CARE,Caring personnel,_Z,Not applicable,P,Practicing,_Z,Not applicable,2018,,12.73,,,,,,,,,,,,,,,
DATAFLOW,OECD.ELS.HD:DSD_HEALTH_REAC_EMP@DF_CARE(1.1),Caring personnel (personal care workers),I,FRA,France,HSE,Health and social employment,10P3HB,Per 1 000 inhabitants,_Z,Not applicable,_Z,Not applicable,CARE,Caring personnel,_Z,Not applicable,P,Practicing,_Z,Not applicable,2019,,12.68,,,,,,,,,,,,,,,
DATAFLOW,OECD.ELS.HD:DSD_HEALTH_REAC_EMP@DF_CARE(1.1),Caring personnel (personal care workers),I,FRA,France,HSE,Health and social employment,10P3HB,Per 1 000 inhabitants,_Z,Not applicable,_Z,Not applicable,CARE,Caring personnel,_Z,Not applicable,P,Practicing,_Z,Not applicable,2020,,12.79,,,,,,,,,,,,,,,
DATAFLOW,OECD.ELS.HD:DSD_HEALTH_REAC_EMP@DF_CARE(1.1),Caring personnel (personal care workers),I,FRA,France,HSE,Health and social employment,10P3HB,Per 1 000 inhabitants,_Z,Not applicable,_Z,Not applicable,CARE,Caring personnel,_Z,Not applicable,P,Practicing,_Z,Not applicable,2021,,12.66,,,,,,,,,,,,,,,
DATAFLOW,OECD.ELS.HD:DSD_HEALTH_REAC_EMP@DF_CARE(1.1),Caring personnel (personal care workers),I,DEU,Germany,HSE,Health and social employment,10P3HB,Per 1 000 inhabitants,_Z,Not applicable,_Z,Not applicable,CARE,Caring personnel,_Z,Not applicable,P,Practicing,_Z,Not applicable,2015,,6.48,,,,,,,,,,,,,,,
DATAFLOW,OECD.ELS.HD:DSD_HEALTH_REAC_EMP@DF_CARE(1.1),Caring personnel (personal care workers),I,DEU,Germany,HSE,Health and social employment,10P3HB,Per 1 000 inhabitants,_Z,Not applicable,_Z,Not applicable,CARE,Caring personnel,_Z,Not applicable,P,Practicing,_Z,Not applicable,2017,,6.96,,,,,,,,,,,,,,,
DATAFLOW,OECD.ELS.HD:DSD_HEALTH_REAC_EMP@DF_CARE(1.1),Caring personnel (personal care workers),I,DEU,Germany,HSE,Health and social employment,10P3HB,Per 1 000 inhabitants,_Z,Not applicable,_Z,Not applicable,CARE,Caring personnel,_Z,Not applicable,P,Practicing,_Z,Not applicable,2019,,7.57,,,,,,,,,,,,,,,
DATAFLOW,OECD.ELS.HD:DSD_HEALTH_REAC_EMP@DF_CARE(1.1),Caring personnel (personal care workers),I,DEU,Germany,HSE,Health and social employment,10P3HB,Per 1 000 inhabitants,_Z,Not applicable,_Z,Not applicable,CARE,Caring personnel,_Z,Not applicable,P,Practicing,_Z,Not applicable,2021,,8.04,,,,,,,,,,,,,,,
DATAFLOW,OECD.ELS.HD:DSD_HEALTH_REAC_EMP@DF_CARE(1.1),Caring personnel (personal care workers),I,DEU,Germany,HSE,Health and social employment,10P3HB,Per 1 000 inhabitants,_Z,Not applicable,_Z,Not applicable,CARE,Caring personnel,_Z,Not applicable,P,Practicing,_Z,Not applicable,2023,,8.26,,,,,,,,,,,,,,,
DATAFLOW,OECD.ELS.HD:DSD_HEALTH_REAC_EMP@DF_CARE(1.1),Caring personnel (personal care workers),I,ISR,Israel,HSE,Health and social employment,10P3HB,Per 1 000 inhabitants,_Z,Not applicable,_Z,Not applicable,CARE,Caring personnel,_Z,Not applicable,P,Practicing,_Z,Not applicable,2015,,12.45,,,,,,,,,,,,,,,
DATAFLOW,OECD.ELS.HD:DSD_HEALTH_REAC_EMP@DF_CARE(1.1),Caring personnel (personal care workers),I,ISR,Israel,HSE,Health and social employment,10P3HB,Per 1 000 inhabitants,_Z,Not applicable,_Z,Not applicable,CARE,Caring personnel,_Z,Not applicable,P,Practicing,_Z,Not applicable,2016,,12.43,,,,,,,,,,,,,,,
DATAFLOW,OECD.ELS.HD:DSD_HEALTH_REAC_EMP@DF_CARE(1.1),Caring personnel (personal care workers),I,ISR,Israel,HSE,Health and social employment,10P3HB,Per 1 000 inhabitants,_Z,Not applicable,_Z,Not applicable,CARE,Caring personnel,_Z,Not applicable,P,Practicing,_Z,Not applicable,2017,,12.36,,,,,,,,,,,,,,,
DATAFLOW,OECD.ELS.HD:DSD_HEALTH_REAC_EMP@DF_CARE(1.1),Caring personnel (personal care workers),I,ISR,Israel,HSE,Health and social employment,10P3HB,Per 1 000 inhabitants,_Z,Not applicable,_Z,Not applicable,CARE,Caring personnel,_Z,Not applicable,P,Practicing,_Z,Not applicable,2018,,11.91,,,,,,,,,,,,,,,
DATAFLOW,OECD.ELS.HD:DSD_HEALTH_REAC_EMP@DF_CARE(1.1),Caring personnel (personal care workers),I,ISR,Israel,HSE,Health and social employment,10P3HB,Per 1 000 inhabitants,_Z,Not applicable,_Z,Not applicable,CARE,Caring personnel,_Z,Not applicable,P,Practicing,_Z,Not applicable,2019,,11.95,,,,,,,,,,,,,,,
DATAFLOW,OECD.ELS.HD:DSD_HEALTH_REAC_EMP@DF_CARE(1.1),Caring personnel (personal care workers),I,ISR,Israel,HSE,Health and social employment,10P3HB,Per 1 000 inhabitants,_Z,Not applicable,_Z,Not applicable,CARE,Caring personnel,_Z,Not applicable,P,Practicing,_Z,Not applicable,2020,,12.6,,,,,,,,,,,,,,,
DATAFLOW,OECD.ELS.HD:DSD_HEALTH_REAC_EMP@DF_CARE(1.1),Caring personnel (personal care workers),I,ISR,Israel,HSE,Health and social employment,10P3HB,Per 1 000 inhabitants,_Z,Not applicable,_Z,Not applicable,CARE,Caring personnel,_Z,Not applicable,P,Practicing,_Z,Not applicable,2021,,13.52,,,,,,,,,,,,,,,
DATAFLOW,OECD.ELS.HD:DSD_HEALTH_REAC_EMP@DF_CARE(1.1),Caring personnel (personal care workers),I,ISR,Israel,HSE,Health and social employment,10P3HB,Per 1 000 inhabitants,_Z,Not applicable,_Z,Not applicable,CARE,Caring personnel,_Z,Not applicable,P,Practicing,_Z,Not applicable,2022,,14.04,,,,,,,,,,,,,,,
DATAFLOW,OECD.ELS.HD:DSD_HEALTH_REAC_EMP@DF_CARE(1.1),Caring personnel (personal care workers),I,ISR,Israel,HSE,Health and social employment,10P3HB,Per 1 000 inhabitants,_Z,Not applicable,_Z,Not applicable,CARE,Caring personnel,_Z,Not applicable,P,Practicing,_Z,Not applicable,2023,,14.29,,,,,,,,,,,,,,,
DATAFLOW,OECD.ELS.HD:DSD_HEALTH_REAC_EMP@DF_CARE(1.1),Caring personnel (personal care workers),I,ISR,Israel,HSE,Health and social employment,10P3HB,Per 1 000 inhabitants,_Z,Not applicable,_Z,Not applicable,CARE,Caring personnel,_Z,Not applicable,P,Practicing,_Z,Not applicable,2024,,14.51,,,,,,,,,,,,,,,
DATAFLOW,OECD.ELS.HD:DSD_HEALTH_REAC_EMP@DF_CARE(1.1),Caring personnel (personal care workers),I,ITA,Italy,HSE,Health and social employment,10P3HB,Per 1 000 inhabitants,_Z,Not applicable,_Z,Not applicable,CARE,Caring personnel,_Z,Not applicable,P,Practicing,_Z,Not applicable,2015,,10,,,,,,,,,,,,,,,
DATAFLOW,OECD.ELS.HD:DSD_HEALTH_REAC_EMP@DF_CARE(1.1),Caring personnel (personal care workers),I,ITA,Italy,HSE,Health and social employment,10P3HB,Per 1 000 inhabitants,_Z,Not applicable,_Z,Not applicable,CARE,Caring personnel,_Z,Not applicable,P,Practicing,_Z,Not applicable,2016,,10.34,,,,,,,,,,,,,,,
DATAFLOW,OECD.ELS.HD:DSD_HEALTH_REAC_EMP@DF_CARE(1.1),Caring personnel (personal care workers),I,ITA,Italy,HSE,Health and social employment,10P3HB,Per 1 000 inhabitants,_Z,Not applicable,_Z,Not applicable,CARE,Caring personnel,_Z,Not applicable,P,Practicing,_Z,Not applicable,2017,,10.39,,,,,,,,,,,,,,,
DATAFLOW,OECD.ELS.HD:DSD_HEALTH_REAC_EMP@DF_CARE(1.1),Caring personnel (personal care workers),I,ITA,Italy,HSE,Health and social employment,10P3HB,Per 1 000 inhabitants,_Z,Not applicable,_Z,Not applicable,CARE,Caring personnel,_Z,Not applicable,P,Practicing,_Z,Not applicable,2018,,10.41,,,,,,,,,,,,,,,
DATAFLOW,OECD.ELS.HD:DSD_HEALTH_REAC_EMP@DF_CARE(1.1),Caring personnel (personal care workers),I,ITA,Italy,HSE,Health and social employment,10P3HB,Per 1 000 inhabitants,_Z,Not applicable,_Z,Not applicable,CARE,Caring personnel,_Z,Not applicable,P,Practicing,_Z,Not applicable,2019,,10.43,,,,,,,,,,,,,,,
DATAFLOW,OECD.ELS.HD:DSD_HEALTH_REAC_EMP@DF_CARE(1.1),Caring personnel (personal care workers),I,ITA,Italy,HSE,Health and social employment,10P3HB,Per 1 000 inhabitants,_Z,Not applicable,_Z,Not applicable,CARE,Caring personnel,_Z,Not applicable,P,Practicing,_Z,Not applicable,2020,,10.25,,,,,,,,,,,,,,,
DATAFLOW,OECD.ELS.HD:DSD_HEALTH_REAC_EMP@DF_CARE(1.1),Caring personnel (personal care workers),I,ITA,Italy,HSE,Health and social employment,10P3HB,Per 1 000 inhabitants,_Z,Not applicable,_Z,Not applicable,CARE,Caring personnel,_Z,Not applicable,P,Practicing,_Z,Not applicable,2022,,10.66,,,,,,,,,,,,,,,
DATAFLOW,OECD.ELS.HD:DSD_HEALTH_REAC_EMP@DF_CARE(1.1),Caring personnel (personal care workers),I,ITA,Italy,HSE,Health and social employment,10P3HB,Per 1 000 inhabitants,_Z,Not applicable,_Z,Not applicable,CARE,Caring personnel,_Z,Not applicable,P,Practicing,_Z,Not applicable,2023,,11.01,,,,,,,,,,,,,,,
DATAFLOW,OECD.ELS.HD:DSD_HEALTH_REAC_EMP@DF_CARE(1.1),Caring personnel (personal care workers),I,ITA,Italy,HSE,Health and social employment,10P3HB,Per 1 000 inhabitants,_Z,Not applicable,_Z,Not applicable,CARE,Caring personnel,_Z,Not applicable,P,Practicing,_Z,Not applicable,2024,,10.95,,,,,,,,,,,,,,,
DATAFLOW,OECD.ELS.HD:DSD_HEALTH_REAC_EMP@DF_CARE(1.1),Caring personnel (personal care workers),I,JPN,Japan,HSE,Health and social employment,10P3HB,Per 1 000 inhabitants,_Z,Not applicable,_Z,Not applicable,CARE,Caring personnel,_Z,Not applicable,P,Practicing,_Z,Not applicable,2017,,1.53,,,,,,,,,,,,,,,
DATAFLOW,OECD.ELS.HD:DSD_HEALTH_REAC_EMP@DF_CARE(1.1),Caring personnel (personal care workers),I,JPN,Japan,HSE,Health and social employment,10P3HB,Per 1 000 inhabitants,_Z,Not applicable,_Z,Not applicable,CARE,Caring personnel,_Z,Not applicable,P,Practicing,_Z,Not applicable,2020,,1.36,,,,,,,,,,,,,,,
DATAFLOW,OECD.ELS.HD:DSD_HEALTH_REAC_EMP@DF_CARE(1.1),Caring personnel (personal care workers),I,JPN,Japan,HSE,Health and social employment,10P3HB,Per 1 000 inhabitants,_Z,Not applicable,_Z,Not applicable,CARE,Caring personnel,_Z,Not applicable,P,Practicing,_Z,Not applicable,2023,,1.28,,,,,,,,,,,,,,,
DATAFLOW,OECD.ELS.HD:DSD_HEALTH_REAC_EMP@DF_CARE(1.1),Caring personnel (personal care workers),I,LVA,Latvia,HSE,Health and social employment,10P3HB,Per 1 000 inhabitants,_Z,Not applicable,_Z,Not applicable,CARE,Caring personnel,_Z,Not applicable,P,Practicing,_Z,Not applicable,2015,,1.07,,,,,,,,,,,,,,,
DATAFLOW,OECD.ELS.HD:DSD_HEALTH_REAC_EMP@DF_CARE(1.1),Caring personnel (personal care workers),I,LVA,Latvia,HSE,Health and social employment,10P3HB,Per 1 000 inhabitants,_Z,Not applicable,_Z,Not applicable,CARE,Caring personnel,_Z,Not applicable,P,Practicing,_Z,Not applicable,2016,,1.07,,,,,,,,,,,,,,,
DATAFLOW,OECD.ELS.HD:DSD_HEALTH_REAC_EMP@DF_CARE(1.1),Caring personnel (personal care workers),I,LVA,Latvia,HSE,Health and social employment,10P3HB,Per 1 000 inhabitants,_Z,Not applicable,_Z,Not applicable,CARE,Caring personnel,_Z,Not applicable,P,Practicing,_Z,Not applicable,2017,,1.11,,,,,,,,,,,,,,,
DATAFLOW,OECD.ELS.HD:DSD_HEALTH_REAC_EMP@DF_CARE(1.1),Caring personnel (personal care workers),I,LVA,Latvia,HSE,Health and social employment,10P3HB,Per 1 000 inhabitants,_Z,Not applicable,_Z,Not applicable,CARE,Caring personnel,_Z,Not applicable,P,Practicing,_Z,Not applicable,2018,,1.13,,,,,,,,,,,,,,,
DATAFLOW,OECD.ELS.HD:DSD_HEALTH_REAC_EMP@DF_CARE(1.1),Caring personnel (personal care workers),I,LVA,Latvia,HSE,Health and social employment,10P3HB,Per 1 000 inhabitants,_Z,Not applicable,_Z,Not applicable,CARE,Caring personnel,_Z,Not applicable,P,Practicing,_Z,Not applicable,2019,,1.15,,,,,,,,,,,,,,,
DATAFLOW,OECD.ELS.HD:DSD_HEALTH_REAC_EMP@DF_CARE(1.1),Caring personnel (personal care workers),I,LVA,Latvia,HSE,Health and social employment,10P3HB,Per 1 000 inhabitants,_Z,Not applicable,_Z,Not applicable,CARE,Caring personnel,_Z,Not applicable,P,Practicing,_Z,Not applicable,2020,,1.19,,,,,,,,,,,,,,,
DATAFLOW,OECD.ELS.HD:DSD_HEALTH_REAC_EMP@DF_CARE(1.1),Caring personnel (personal care workers),I,LVA,Latvia,HSE,Health and social employment,10P3HB,Per 1 000 inhabitants,_Z,Not applicable,_Z,Not applicable,CARE,Caring personnel,_Z,Not applicable,P,Practicing,_Z,Not applicable,2021,,1.26,,,,,,,,,,,,,,,
DATAFLOW,OECD.ELS.HD:DSD_HEALTH_REAC_EMP@DF_CARE(1.1),Caring personnel (personal care workers),I,LVA,Latvia,HSE,Health and social employment,10P3HB,Per 1 000 inhabitants,_Z,Not applicable,_Z,Not applicable,CARE,Caring personnel,_Z,Not applicable,P,Practicing,_Z,Not applicable,2022,,1.28,,,,,,,,,,,,,,,
DATAFLOW,OECD.ELS.HD:DSD_HEALTH_REAC_EMP@DF_CARE(1.1),Caring personnel (personal care workers),I,LVA,Latvia,HSE,Health and social employment,10P3HB,Per 1 000 inhabitants,_Z,Not applicable,_Z,Not applicable,CARE,Caring personnel,_Z,Not applicable,P,Practicing,_Z,Not applicable,2023,,1.3,,,,,,,,,,,,,,,
DATAFLOW,OECD.ELS.HD:DSD_HEALTH_REAC_EMP@DF_CARE(1.1),Caring personnel (personal care workers),I,LVA,Latvia,HSE,Health and social employment,10P3HB,Per 1 000 inhabitants,_Z,Not applicable,_Z,Not applicable,CARE,Caring personnel,_Z,Not applicable,P,Practicing,_Z,Not applicable,2024,,1.33,,,,,,,,,,,,,,,
DATAFLOW,OECD.ELS.HD:DSD_HEALTH_REAC_EMP@DF_CARE(1.1),Caring personnel (personal care workers),I,LTU,Lithuania,HSE,Health and social employment,10P3HB,Per 1 000 inhabitants,_Z,Not applicable,_Z,Not applicable,CARE,Caring personnel,_Z,Not applicable,P,Practicing,_Z,Not applicable,2015,,2.49,,,,,,,,,,,,,,,
DATAFLOW,OECD.ELS.HD:DSD_HEALTH_REAC_EMP@DF_CARE(1.1),Caring personnel (personal care workers),I,LTU,Lithuania,HSE,Health and social employment,10P3HB,Per 1 000 inhabitants,_Z,Not applicable,_Z,Not applicable,CARE,Caring personnel,_Z,Not applicable,P,Practicing,_Z,Not applicable,2016,,2.61,,,,,,,,,,,,,,,
DATAFLOW,OECD.ELS.HD:DSD_HEALTH_REAC_EMP@DF_CARE(1.1),Caring personnel (personal care workers),I,LTU,Lithuania,HSE,Health and social employment,10P3HB,Per 1 000 inhabitants,_Z,Not applicable,_Z,Not applicable,CARE,Caring personnel,_Z,Not applicable,P,Practicing,_Z,Not applicable,2017,,2.7,,,,,,,,,,,,,,,
DATAFLOW,OECD.ELS.HD:DSD_HEALTH_REAC_EMP@DF_CARE(1.1),Caring personnel (personal care workers),I,LTU,Lithuania,HSE,Health and social employment,10P3HB,Per 1 000 inhabitants,_Z,Not applicable,_Z,Not applicable,CARE,Caring personnel,_Z,Not applicable,P,Practicing,_Z,Not applicable,2018,,2.83,,,,,,,,,,,,,,,
DATAFLOW,OECD.ELS.HD:DSD_HEALTH_REAC_EMP@DF_CARE(1.1),Caring personnel (personal care workers),I,LTU,Lithuania,HSE,Health and social employment,10P3HB,Per 1 000 inhabitants,_Z,Not applicable,_Z,Not applicable,CARE,Caring personnel,_Z,Not applicable,P,Practicing,_Z,Not applicable,2019,,2.85,,,,,,,,,,,,,,,
DATAFLOW,OECD.ELS.HD:DSD_HEALTH_REAC_EMP@DF_CARE(1.1),Caring personnel (personal care workers),I,LTU,Lithuania,HSE,Health and social employment,10P3HB,Per 1 000 inhabitants,_Z,Not applicable,_Z,Not applicable,CARE,Caring personnel,_Z,Not applicable,P,Practicing,_Z,Not applicable,2021,,2.01,,,,,,,,,,,,,,,
DATAFLOW,OECD.ELS.HD:DSD_HEALTH_REAC_EMP@DF_CARE(1.1),Caring personnel (personal care workers),I,LTU,Lithuania,HSE,Health and social employment,10P3HB,Per 1 000 inhabitants,_Z,Not applicable,_Z,Not applicable,CARE,Caring personnel,_Z,Not applicable,P,Practicing,_Z,Not applicable,2022,,2.05,,,,,,,,,,,,,,,
DATAFLOW,OECD.ELS.HD:DSD_HEALTH_REAC_EMP@DF_CARE(1.1),Caring personnel (personal care workers),I,LTU,Lithuania,HSE,Health and social employment,10P3HB,Per 1 000 inhabitants,_Z,Not applicable,_Z,Not applicable,CARE,Caring personnel,_Z,Not applicable,P,Practicing,_Z,Not applicable,2023,,2.23,,,,,,,,,,,,,,,
DATAFLOW,OECD.ELS.HD:DSD_HEALTH_REAC_EMP@DF_CARE(1.1),Caring personnel (personal care workers),I,LTU,Lithuania,HSE,Health and social employment,10P3HB,Per 1 000 inhabitants,_Z,Not applicable,_Z,Not applicable,CARE,Caring personnel,_Z,Not applicable,P,Practicing,_Z,Not applicable,2024,,2.33,,,,,,,,,,,,,,,
DATAFLOW,OECD.ELS.HD:DSD_HEALTH_REAC_EMP@DF_CARE(1.1),Caring personnel (personal care workers),I,LUX,Luxembourg,HSE,Health and social employment,10P3HB,Per 1 000 inhabitants,_Z,Not applicable,_Z,Not applicable,CARE,Caring personnel,_Z,Not applicable,P,Practicing,_Z,Not applicable,2015,,6,,,,,,,,,,,,,,,
DATAFLOW,OECD.ELS.HD:DSD_HEALTH_REAC_EMP@DF_CARE(1.1),Caring personnel (personal care workers),I,LUX,Luxembourg,HSE,Health and social employment,10P3HB,Per 1 000 inhabitants,_Z,Not applicable,_Z,Not applicable,CARE,Caring personnel,_Z,Not applicable,P,Practicing,_Z,Not applicable,2016,,6.07,,,,,,,,,,,,,,,
DATAFLOW,OECD.ELS.HD:DSD_HEALTH_REAC_EMP@DF_CARE(1.1),Caring personnel (personal care workers),I,LUX,Luxembourg,HSE,Health and social employment,10P3HB,Per 1 000 inhabitants,_Z,Not applicable,_Z,Not applicable,CARE,Caring personnel,_Z,Not applicable,P,Practicing,_Z,Not applicable,2017,,6.11,,,,,,,,,,,,,,,
DATAFLOW,OECD.ELS.HD:DSD_HEALTH_REAC_EMP@DF_CARE(1.1),Caring personnel (personal care workers),I,NOR,Norway,HSE,Health and social employment,10P3HB,Per 1 000 inhabitants,_Z,Not applicable,_Z,Not applicable,CARE,Caring personnel,_Z,Not applicable,P,Practicing,_Z,Not applicable,2016,,18.28,,,,,,,,,,,,,,,
DATAFLOW,OECD.ELS.HD:DSD_HEALTH_REAC_EMP@DF_CARE(1.1),Caring personnel (personal care workers),I,NOR,Norway,HSE,Health and social employment,10P3HB,Per 1 000 inhabitants,_Z,Not applicable,_Z,Not applicable,CARE,Caring personnel,_Z,Not applicable,P,Practicing,_Z,Not applicable,2017,,18.24,,,,,,,,,,,,,,,
DATAFLOW,OECD.ELS.HD:DSD_HEALTH_REAC_EMP@DF_CARE(1.1),Caring personnel (personal care workers),I,NOR,Norway,HSE,Health and social employment,10P3HB,Per 1 000 inhabitants,_Z,Not applicable,_Z,Not applicable,CARE,Caring personnel,_Z,Not applicable,P,Practicing,_Z,Not applicable,2018,,18.33,,,,,,,,,,,,,,,
DATAFLOW,OECD.ELS.HD:DSD_HEALTH_REAC_EMP@DF_CARE(1.1),Caring personnel (personal care workers),I,NOR,Norway,HSE,Health and social employment,10P3HB,Per 1 000 inhabitants,_Z,Not applicable,_Z,Not applicable,CARE,Caring personnel,_Z,Not applicable,P,Practicing,_Z,Not applicable,2019,,18.22,,,,,,,,,,,,,,,
DATAFLOW,OECD.ELS.HD:DSD_HEALTH_REAC_EMP@DF_CARE(1.1),Caring personnel (personal care workers),I,NOR,Norway,HSE,Health and social employment,10P3HB,Per 1 000 inhabitants,_Z,Not applicable,_Z,Not applicable,CARE,Caring personnel,_Z,Not applicable,P,Practicing,_Z,Not applicable,2020,,18.1,,,,,,,,,,,,,,,
DATAFLOW,OECD.ELS.HD:DSD_HEALTH_REAC_EMP@DF_CARE(1.1),Caring personnel (personal care workers),I,NOR,Norway,HSE,Health and social employment,10P3HB,Per 1 000 inhabitants,_Z,Not applicable,_Z,Not applicable,CARE,Caring personnel,_Z,Not applicable,P,Practicing,_Z,Not applicable,2021,,18.16,,,,,,,,,,,,,,,
DATAFLOW,OECD.ELS.HD:DSD_HEALTH_REAC_EMP@DF_CARE(1.1),Caring personnel (personal care workers),I,NOR,Norway,HSE,Health and social employment,10P3HB,Per 1 000 inhabitants,_Z,Not applicable,_Z,Not applicable,CARE,Caring personnel,_Z,Not applicable,P,Practicing,_Z,Not applicable,2022,,18.12,,,,,,,,,,,,,,,
DATAFLOW,OECD.ELS.HD:DSD_HEALTH_REAC_EMP@DF_CARE(1.1),Caring personnel (personal care workers),I,NOR,Norway,HSE,Health and social employment,10P3HB,Per 1 000 inhabitants,_Z,Not applicable,_Z,Not applicable,CARE,Caring personnel,_Z,Not applicable,P,Practicing,_Z,Not applicable,2023,,18.15,,,,,,,,,,,,,,,
DATAFLOW,OECD.ELS.HD:DSD_HEALTH_REAC_EMP@DF_CARE(1.1),Caring personnel (personal care workers),I,NOR,Norway,HSE,Health and social employment,10P3HB,Per 1 000 inhabitants,_Z,Not applicable,_Z,Not applicable,CARE,Caring personnel,_Z,Not applicable,P,Practicing,_Z,Not applicable,2024,,18.18,,,,,,,,,,,,,,,
DATAFLOW,OECD.ELS.HD:DSD_HEALTH_REAC_EMP@DF_CARE(1.1),Caring personnel (personal care workers),I,POL,Poland,HSE,Health and social employment,10P3HB,Per 1 000 inhabitants,_Z,Not applicable,_Z,Not applicable,CARE,Caring personnel,_Z,Not applicable,P,Practicing,_Z,Not applicable,2016,,0.15,,,,,,,,,,,,,,,
DATAFLOW,OECD.ELS.HD:DSD_HEALTH_REAC_EMP@DF_CARE(1.1),Caring personnel (personal care workers),I,POL,Poland,HSE,Health and social employment,10P3HB,Per 1 000 inhabitants,_Z,Not applicable,_Z,Not applicable,CARE,Caring personnel,_Z,Not applicable,P,Practicing,_Z,Not applicable,2017,,0.18,,,,,,,,,,,,,,,
DATAFLOW,OECD.ELS.HD:DSD_HEALTH_REAC_EMP@DF_CARE(1.1),Caring personnel (personal care workers),I,POL,Poland,HSE,Health and social employment,10P3HB,Per 1 000 inhabitants,_Z,Not applicable,_Z,Not applicable,CARE,Caring personnel,_Z,Not applicable,P,Practicing,_Z,Not applicable,2018,,0.2,,,,,,,,,,,,,,,
DATAFLOW,OECD.ELS.HD:DSD_HEALTH_REAC_EMP@DF_CARE(1.1),Caring personnel (personal care workers),I,POL,Poland,HSE,Health and social employment,10P3HB,Per 1 000 inhabitants,_Z,Not applicable,_Z,Not applicable,CARE,Caring personnel,_Z,Not applicable,P,Practicing,_Z,Not applicable,2019,,0.23,,,,,,,,,,,,,,,
DATAFLOW,OECD.ELS.HD:DSD_HEALTH_REAC_EMP@DF_CARE(1.1),Caring personnel (personal care workers),I,POL,Poland,HSE,Health and social employment,10P3HB,Per 1 000 inhabitants,_Z,Not applicable,_Z,Not applicable,CARE,Caring personnel,_Z,Not applicable,P,Practicing,_Z,Not applicable,2020,,0.25,,,,,,,,,,,,,,,
DATAFLOW,OECD.ELS.HD:DSD_HEALTH_REAC_EMP@DF_CARE(1.1),Caring personnel (personal care workers),I,POL,Poland,HSE,Health and social employment,10P3HB,Per 1 000 inhabitants,_Z,Not applicable,_Z,Not applicable,CARE,Caring personnel,_Z,Not applicable,P,Practicing,_Z,Not applicable,2021,,0.3,,,,,,,,,,,,,,,
DATAFLOW,OECD.ELS.HD:DSD_HEALTH_REAC_EMP@DF_CARE(1.1),Caring personnel (personal care workers),I,POL,Poland,HSE,Health and social employment,10P3HB,Per 1 000 inhabitants,_Z,Not applicable,_Z,Not applicable,CARE,Caring personnel,_Z,Not applicable,P,Practicing,_Z,Not applicable,2022,,0.34,,,,,,,,,,,,,,,
DATAFLOW,OECD.ELS.HD:DSD_HEALTH_REAC_EMP@DF_CARE(1.1),Caring personnel (personal care workers),I,SVN,Slovenia,HSE,Health and social employment,10P3HB,Per 1 000 inhabitants,_Z,Not applicable,_Z,Not applicable,CARE,Caring personnel,_Z,Not applicable,P,Practicing,_Z,Not applicable,2015,,1.84,,,,,,,,,,,,,,,
DATAFLOW,OECD.ELS.HD:DSD_HEALTH_REAC_EMP@DF_CARE(1.1),Caring personnel (personal care workers),I,CHE,Switzerland,HSE,Health and social employment,10P3HB,Per 1 000 inhabitants,_Z,Not applicable,_Z,Not applicable,CARE,Caring personnel,_Z,Not applicable,P,Practicing,_Z,Not applicable,2015,,7.64,,,,,,,,,,,,,,,
DATAFLOW,OECD.ELS.HD:DSD_HEALTH_REAC_EMP@DF_CARE(1.1),Caring personnel (personal care workers),I,CHE,Switzerland,HSE,Health and social employment,10P3HB,Per 1 000 inhabitants,_Z,Not applicable,_Z,Not applicable,CARE,Caring personnel,_Z,Not applicable,P,Practicing,_Z,Not applicable,2016,,7.69,,,,,,,,,,,,,,,
DATAFLOW,OECD.ELS.HD:DSD_HEALTH_REAC_EMP@DF_CARE(1.1),Caring personnel (personal care workers),I,CHE,Switzerland,HSE,Health and social employment,10P3HB,Per 1 000 inhabitants,_Z,Not applicable,_Z,Not applicable,CARE,Caring personnel,_Z,Not applicable,P,Practicing,_Z,Not applicable,2017,,7.71,,,,,,,,,,,,,,,
DATAFLOW,OECD.ELS.HD:DSD_HEALTH_REAC_EMP@DF_CARE(1.1),Caring personnel (personal care workers),I,CHE,Switzerland,HSE,Health and social employment,10P3HB,Per 1 000 inhabitants,_Z,Not applicable,_Z,Not applicable,CARE,Caring personnel,_Z,Not applicable,P,Practicing,_Z,Not applicable,2018,,7.61,,,,,,,,,,,,,,,
DATAFLOW,OECD.ELS.HD:DSD_HEALTH_REAC_EMP@DF_CARE(1.1),Caring personnel (personal care workers),I,CHE,Switzerland,HSE,Health and social employment,10P3HB,Per 1 000 inhabitants,_Z,Not applicable,_Z,Not applicable,CARE,Caring personnel,_Z,Not applicable,P,Practicing,_Z,Not applicable,2019,,7.66,,,,,,,,,,,,,,,
DATAFLOW,OECD.ELS.HD:DSD_HEALTH_REAC_EMP@DF_CARE(1.1),Caring personnel (personal care workers),I,CHE,Switzerland,HSE,Health and social employment,10P3HB,Per 1 000 inhabitants,_Z,Not applicable,_Z,Not applicable,CARE,Caring personnel,_Z,Not applicable,P,Practicing,_Z,Not applicable,2020,,7.81,,,,,,,,,,,,,,,
DATAFLOW,OECD.ELS.HD:DSD_HEALTH_REAC_EMP@DF_CARE(1.1),Caring personnel (personal care workers),I,CHE,Switzerland,HSE,Health and social employment,10P3HB,Per 1 000 inhabitants,_Z,Not applicable,_Z,Not applicable,CARE,Caring personnel,_Z,Not applicable,P,Practicing,_Z,Not applicable,2021,,7.78,,,,,,,,,,,,,,,
DATAFLOW,OECD.ELS.HD:DSD_HEALTH_REAC_EMP@DF_CARE(1.1),Caring personnel (personal care workers),I,CHE,Switzerland,HSE,Health and social employment,10P3HB,Per 1 000 inhabitants,_Z,Not applicable,_Z,Not applicable,CARE,Caring personnel,_Z,Not applicable,P,Practicing,_Z,Not applicable,2022,,7.89,,,,,,,,,,,,,,,
DATAFLOW,OECD.ELS.HD:DSD_HEALTH_REAC_EMP@DF_CARE(1.1),Caring personnel (personal care workers),I,CHE,Switzerland,HSE,Health and social employment,10P3HB,Per 1 000 inhabitants,_Z,Not applicable,_Z,Not applicable,CARE,Caring personnel,_Z,Not applicable,P,Practicing,_Z,Not applicable,2023,,7.99,,,,,,,,,,,,,,,
DATAFLOW,OECD.ELS.HD:DSD_HEALTH_REAC_EMP@DF_CARE(1.1),Caring personnel (personal care workers),I,CHE,Switzerland,HSE,Health and social employment,10P3HB,Per 1 000 inhabitants,_Z,Not applicable,_Z,Not applicable,CARE,Caring personnel,_Z,Not applicable,P,Practicing,_Z,Not applicable,2024,,8.38,,,,,,,,,,,,,,,
DATAFLOW,OECD.ELS.HD:DSD_HEALTH_REAC_EMP@DF_CARE(1.1),Caring personnel (personal care workers),I,USA,United States,HSE,Health and social employment,10P3HB,Per 1 000 inhabitants,_Z,Not applicable,_Z,Not applicable,CARE,Caring personnel,_Z,Not applicable,P,Practicing,_Z,Not applicable,2015,,11.76,,,,,,,,,,,,,,,
DATAFLOW,OECD.ELS.HD:DSD_HEALTH_REAC_EMP@DF_CARE(1.1),Caring personnel (personal care workers),I,USA,United States,HSE,Health and social employment,10P3HB,Per 1 000 inhabitants,_Z,Not applicable,_Z,Not applicable,CARE,Caring personnel,_Z,Not applicable,P,Practicing,_Z,Not applicable,2016,,12.09,,,,,,,,,,,,,,,
DATAFLOW,OECD.ELS.HD:DSD_HEALTH_REAC_EMP@DF_CARE(1.1),Caring personnel (personal care workers),I,USA,United States,HSE,Health and social employment,10P3HB,Per 1 000 inhabitants,_Z,Not applicable,_Z,Not applicable,CARE,Caring personnel,_Z,Not applicable,P,Practicing,_Z,Not applicable,2018,,14.06,,,,,,,,,,,,,,,
DATAFLOW,OECD.ELS.HD:DSD_HEALTH_REAC_EMP@DF_CARE(1.1),Caring personnel (personal care workers),I,USA,United States,HSE,Health and social employment,10P3HB,Per 1 000 inhabitants,_Z,Not applicable,_Z,Not applicable,CARE,Caring personnel,_Z,Not applicable,P,Practicing,_Z,Not applicable,2019,,14.18,,,,,,,,,,,,,,,
DATAFLOW,OECD.ELS.HD:DSD_HEALTH_REAC_EMP@DF_CARE(1.1),Caring personnel (personal care workers),I,USA,United States,HSE,Health and social employment,10P3HB,Per 1 000 inhabitants,_Z,Not applicable,_Z,Not applicable,CARE,Caring personnel,_Z,Not applicable,P,Practicing,_Z,Not applicable,2020,,14.08,,,,,,,,,,,,,,,
DATAFLOW,OECD.ELS.HD:DSD_HEALTH_REAC_EMP@DF_CARE(1.1),Caring personnel (personal care workers),I,USA,United States,HSE,Health and social employment,10P3HB,Per 1 000 inhabitants,_Z,Not applicable,_Z,Not applicable,CARE,Caring personnel,_Z,Not applicable,P,Practicing,_Z,Not applicable,2021,,14.35,,,,,,,,,,,,,,,
DATAFLOW,OECD.ELS.HD:DSD_HEALTH_REAC_EMP@DF_CARE(1.1),Caring personnel (personal care workers),I,USA,United States,HSE,Health and social employment,10P3HB,Per 1 000 inhabitants,_Z,Not applicable,_Z,Not applicable,CARE,Caring personnel,_Z,Not applicable,P,Practicing,_Z,Not applicable,2022,,14.64,,,,,,,,,,,,,,,
DATAFLOW,OECD.ELS.HD:DSD_HEALTH_REAC_EMP@DF_CARE(1.1),Caring personnel (personal care workers),I,USA,United States,HSE,Health and social employment,10P3HB,Per 1 000 inhabitants,_Z,Not applicable,_Z,Not applicable,CARE,Caring personnel,_Z,Not applicable,P,Practicing,_Z,Not applicable,2023,,15.21,,,,,,,,,,,,,,,
DATAFLOW,OECD.ELS.HD:DSD_HEALTH_REAC_EMP@DF_CARE(1.1),Caring personnel (personal care workers),I,USA,United States,HSE,Health and social employment,10P3HB,Per 1 000 inhabitants,_Z,Not applicable,_Z,Not applicable,CARE,Caring personnel,_Z,Not applicable,P,Practicing,_Z,Not applicable,2024,,16.07,,,,,,,,,,,,,,,
DATAFLOW,OECD.ELS.HD:DSD_HEALTH_REAC_EMP@DF_CARE(1.1),Caring personnel (personal care workers),I,BGR,Bulgaria,HSE,Health and social employment,10P3HB,Per 1 000 inhabitants,_Z,Not applicable,_Z,Not applicable,CARE,Caring personnel,_Z,Not applicable,P,Practicing,_Z,Not applicable,2015,,0.02,,,,,,,,,,,,,,,
DATAFLOW,OECD.ELS.HD:DSD_HEALTH_REAC_EMP@DF_CARE(1.1),Caring personnel (personal care workers),I,BGR,Bulgaria,HSE,Health and social employment,10P3HB,Per 1 000 inhabitants,_Z,Not applicable,_Z,Not applicable,CARE,Caring personnel,_Z,Not applicable,P,Practicing,_Z,Not applicable,2016,,0.03,,,,,,,,,,,,,,,
DATAFLOW,OECD.ELS.HD:DSD_HEALTH_REAC_EMP@DF_CARE(1.1),Caring personnel (personal care workers),I,BGR,Bulgaria,HSE,Health and social employment,10P3HB,Per 1 000 inhabitants,_Z,Not applicable,_Z,Not applicable,CARE,Caring personnel,_Z,Not applicable,P,Practicing,_Z,Not applicable,2017,,0.04,,,,,,,,,,,,,,,
DATAFLOW,OECD.ELS.HD:DSD_HEALTH_REAC_EMP@DF_CARE(1.1),Caring personnel (personal care workers),I,BGR,Bulgaria,HSE,Health and social employment,10P3HB,Per 1 000 inhabitants,_Z,Not applicable,_Z,Not applicable,CARE,Caring personnel,_Z,Not applicable,P,Practicing,_Z,Not applicable,2018,,0.06,,,,,,,,,,,,,,,
DATAFLOW,OECD.ELS.HD:DSD_HEALTH_REAC_EMP@DF_CARE(1.1),Caring personnel (personal care workers),I,BGR,Bulgaria,HSE,Health and social employment,10P3HB,Per 1 000 inhabitants,_Z,Not applicable,_Z,Not applicable,CARE,Caring personnel,_Z,Not applicable,P,Practicing,_Z,Not applicable,2019,,0.09,,,,,,,,,,,,,,,
DATAFLOW,OECD.ELS.HD:DSD_HEALTH_REAC_EMP@DF_CARE(1.1),Caring personnel (personal care workers),I,BGR,Bulgaria,HSE,Health and social employment,10P3HB,Per 1 000 inhabitants,_Z,Not applicable,_Z,Not applicable,CARE,Caring personnel,_Z,Not applicable,P,Practicing,_Z,Not applicable,2020,,0.09,,,,,,,,,,,,,,,
DATAFLOW,OECD.ELS.HD:DSD_HEALTH_REAC_EMP@DF_CARE(1.1),Caring personnel (personal care workers),I,BGR,Bulgaria,HSE,Health and social employment,10P3HB,Per 1 000 inhabitants,_Z,Not applicable,_Z,Not applicable,CARE,Caring personnel,_Z,Not applicable,P,Practicing,_Z,Not applicable,2021,,0.12,,,,,,,,,,,,,,,
DATAFLOW,OECD.ELS.HD:DSD_HEALTH_REAC_EMP@DF_CARE(1.1),Caring personnel (personal care workers),I,BGR,Bulgaria,HSE,Health and social employment,10P3HB,Per 1 000 inhabitants,_Z,Not applicable,_Z,Not applicable,CARE,Caring personnel,_Z,Not applicable,P,Practicing,_Z,Not applicable,2022,,0.12,,,,,,,,,,,,,,,
DATAFLOW,OECD.ELS.HD:DSD_HEALTH_REAC_EMP@DF_CARE(1.1),Caring personnel (personal care workers),I,BGR,Bulgaria,HSE,Health and social employment,10P3HB,Per 1 000 inhabitants,_Z,Not applicable,_Z,Not applicable,CARE,Caring personnel,_Z,Not applicable,P,Practicing,_Z,Not applicable,2023,,0.13,,,,,,,,,,,,,,,
DATAFLOW,OECD.ELS.HD:DSD_HEALTH_REAC_EMP@DF_CARE(1.1),Caring personnel (personal care workers),I,BGR,Bulgaria,HSE,Health and social employment,10P3HB,Per 1 000 inhabitants,_Z,Not applicable,_Z,Not applicable,CARE,Caring personnel,_Z,Not applicable,P,Practicing,_Z,Not applicable,2024,,0.16,,,,,,,,,,,,,,,
DATAFLOW,OECD.ELS.HD:DSD_HEALTH_REAC_EMP@DF_CARE(1.1),Caring personnel (personal care workers),I,HRV,Croatia,HSE,Health and social employment,10P3HB,Per 1 000 inhabitants,_Z,Not applicable,_Z,Not applicable,CARE,Caring personnel,_Z,Not applicable,P,Practicing,_Z,Not applicable,2015,,0.1,,,,,,,,,,,,,,,
DATAFLOW,OECD.ELS.HD:DSD_HEALTH_REAC_EMP@DF_CARE(1.1),Caring personnel (personal care workers),I,HRV,Croatia,HSE,Health and social employment,10P3HB,Per 1 000 inhabitants,_Z,Not applicable,_Z,Not applicable,CARE,Caring personnel,_Z,Not applicable,P,Practicing,_Z,Not applicable,2016,,0.09,,,,,,,,,,,,,,,
DATAFLOW,OECD.ELS.HD:DSD_HEALTH_REAC_EMP@DF_CARE(1.1),Caring personnel (personal care workers),I,HRV,Croatia,HSE,Health and social employment,10P3HB,Per 1 000 inhabitants,_Z,Not applicable,_Z,Not applicable,CARE,Caring personnel,_Z,Not applicable,P,Practicing,_Z,Not applicable,2017,,0.1,,,,,,,,,,,,,,,
DATAFLOW,OECD.ELS.HD:DSD_HEALTH_REAC_EMP@DF_CARE(1.1),Caring personnel (personal care workers),I,HRV,Croatia,HSE,Health and social employment,10P3HB,Per 1 000 inhabitants,_Z,Not applicable,_Z,Not applicable,CARE,Caring personnel,_Z,Not applicable,P,Practicing,_Z,Not applicable,2018,,0.16,,,,,,,,,,,,,,,
DATAFLOW,OECD.ELS.HD:DSD_HEALTH_REAC_EMP@DF_CARE(1.1),Caring personnel (personal care workers),I,HRV,Croatia,HSE,Health and social employment,10P3HB,Per 1 000 inhabitants,_Z,Not applicable,_Z,Not applicable,CARE,Caring personnel,_Z,Not applicable,P,Practicing,_Z,Not applicable,2019,,0.16,,,,,,,,,,,,,,,
DATAFLOW,OECD.ELS.HD:DSD_HEALTH_REAC_EMP@DF_CARE(1.1),Caring personnel (personal care workers),I,HRV,Croatia,HSE,Health and social employment,10P3HB,Per 1 000 inhabitants,_Z,Not applicable,_Z,Not applicable,CARE,Caring personnel,_Z,Not applicable,P,Practicing,_Z,Not applicable,2020,,0.16,,,,,,,,,,,,,,,
DATAFLOW,OECD.ELS.HD:DSD_HEALTH_REAC_EMP@DF_CARE(1.1),Caring personnel (personal care workers),I,HRV,Croatia,HSE,Health and social employment,10P3HB,Per 1 000 inhabitants,_Z,Not applicable,_Z,Not applicable,CARE,Caring personnel,_Z,Not applicable,P,Practicing,_Z,Not applicable,2021,,0.18,,,,,,,,,,,,,,,
DATAFLOW,OECD.ELS.HD:DSD_HEALTH_REAC_EMP@DF_CARE(1.1),Caring personnel (personal care workers),I,HRV,Croatia,HSE,Health and social employment,10P3HB,Per 1 000 inhabitants,_Z,Not applicable,_Z,Not applicable,CARE,Caring personnel,_Z,Not applicable,P,Practicing,_Z,Not applicable,2022,,0.19,,,,,,,,,,,,,,,
DATAFLOW,OECD.ELS.HD:DSD_HEALTH_REAC_EMP@DF_CARE(1.1),Caring personnel (personal care workers),I,HRV,Croatia,HSE,Health and social employment,10P3HB,Per 1 000 inhabitants,_Z,Not applicable,_Z,Not applicable,CARE,Caring personnel,_Z,Not applicable,P,Practicing,_Z,Not applicable,2023,,0.21,,,,,,,,,,,,,,,
DATAFLOW,OECD.ELS.HD:DSD_HEALTH_REAC_EMP@DF_CARE(1.1),Caring personnel (personal care workers),I,HRV,Croatia,HSE,Health and social employment,10P3HB,Per 1 000 inhabitants,_Z,Not applicable,_Z,Not applicable,CARE,Caring personnel,_Z,Not applicable,P,Practicing,_Z,Not applicable,2024,,0.22,,,,,,,,,,,,,,,
DATAFLOW,OECD.ELS.HD:DSD_HEALTH_REAC_EMP@DF_CARE(1.1),Caring personnel (personal care workers),I,ESP,Spain,HSE,Health and social employment,PS,Persons,_Z,Not applicable,_Z,Not applicable,CARE,Caring personnel,_Z,Not applicable,P,Practicing,_Z,Not applicable,2015,,428533,,,,E,Estimated value,,,,,,,,,,
DATAFLOW,OECD.ELS.HD:DSD_HEALTH_REAC_EMP@DF_CARE(1.1),Caring personnel (personal care workers),I,ESP,Spain,HSE,Health and social employment,10P3HB,Per 1 000 inhabitants,_Z,Not applicable,_Z,Not applicable,CARE,Caring personnel,_Z,Not applicable,P,Practicing,_Z,Not applicable,2015,,9.23,,,,E,Estimated value,,,,,,,,,,
DATAFLOW,OECD.ELS.HD:DSD_HEALTH_REAC_EMP@DF_CARE(1.1),Caring personnel (personal care workers),I,ESP,Spain,HSE,Health and social employment,10P3HB,Per 1 000 inhabitants,_Z,Not applicable,_Z,Not applicable,CARE,Caring personnel,_Z,Not applicable,P,Practicing,_Z,Not applicable,2016,,9.38,,,,E,Estimated value,,,,,,,,,,
DATAFLOW,OECD.ELS.HD:DSD_HEALTH_REAC_EMP@DF_CARE(1.1),Caring personnel (personal care workers),I,ESP,Spain,HSE,Health and social employment,PS,Persons,_Z,Not applicable,_Z,Not applicable,CARE,Caring personnel,_Z,Not applicable,P,Practicing,_Z,Not applicable,2016,,435933,,,,E,Estimated value,,,,,,,,,,
DATAFLOW,OECD.ELS.HD:DSD_HEALTH_REAC_EMP@DF_CARE(1.1),Caring personnel (personal care workers),I,ESP,Spain,HSE,Health and social employment,PS,Persons,_Z,Not applicable,_Z,Not applicable,CARE,Caring personnel,_Z,Not applicable,P,Practicing,_Z,Not applicable,2017,,453833,,,,E,Estimated value,,,,,,,,,,
DATAFLOW,OECD.ELS.HD:DSD_HEALTH_REAC_EMP@DF_CARE(1.1),Caring personnel (personal care workers),I,ESP,Spain,HSE,Health and social employment,10P3HB,Per 1 000 inhabitants,_Z,Not applicable,_Z,Not applicable,CARE,Caring personnel,_Z,Not applicable,P,Practicing,_Z,Not applicable,2017,,9.74,,,,E,Estimated value,,,,,,,,,,
DATAFLOW,OECD.ELS.HD:DSD_HEALTH_REAC_EMP@DF_CARE(1.1),Caring personnel (personal care workers),I,ESP,Spain,HSE,Health and social employment,10P3HB,Per 1 000 inhabitants,_Z,Not applicable,_Z,Not applicable,CARE,Caring personnel,_Z,Not applicable,P,Practicing,_Z,Not applicable,2018,,10.17,,,,E,Estimated value,,,,,,,,,,
DATAFLOW,OECD.ELS.HD:DSD_HEALTH_REAC_EMP@DF_CARE(1.1),Caring personnel (personal care workers),I,ESP,Spain,HSE,Health and social employment,PS,Persons,_Z,Not applicable,_Z,Not applicable,CARE,Caring personnel,_Z,Not applicable,P,Practicing,_Z,Not applicable,2018,,475833,,,,E,Estimated value,,,,,,,,,,
DATAFLOW,OECD.ELS.HD:DSD_HEALTH_REAC_EMP@DF_CARE(1.1),Caring personnel (personal care workers),I,ESP,Spain,HSE,Health and social employment,PS,Persons,_Z,Not applicable,_Z,Not applicable,CARE,Caring personnel,_Z,Not applicable,P,Practicing,_Z,Not applicable,2019,,495867,,,,E,Estimated value,,,,,,,,,,
DATAFLOW,OECD.ELS.HD:DSD_HEALTH_REAC_EMP@DF_CARE(1.1),Caring personnel (personal care workers),I,ESP,Spain,HSE,Health and social employment,10P3HB,Per 1 000 inhabitants,_Z,Not applicable,_Z,Not applicable,CARE,Caring personnel,_Z,Not applicable,P,Practicing,_Z,Not applicable,2019,,10.52,,,,E,Estimated value,,,,,,,,,,
DATAFLOW,OECD.ELS.HD:DSD_HEALTH_REAC_EMP@DF_CARE(1.1),Caring personnel (personal care workers),I,ESP,Spain,HSE,Health and social employment,10P3HB,Per 1 000 inhabitants,_Z,Not applicable,_Z,Not applicable,CARE,Caring personnel,_Z,Not applicable,P,Practicing,_Z,Not applicable,2020,,11,,,,E,Estimated value,,,,,,,,,,
DATAFLOW,OECD.ELS.HD:DSD_HEALTH_REAC_EMP@DF_CARE(1.1),Caring personnel (personal care workers),I,ESP,Spain,HSE,Health and social employment,PS,Persons,_Z,Not applicable,_Z,Not applicable,CARE,Caring personnel,_Z,Not applicable,P,Practicing,_Z,Not applicable,2020,,521033,,,,E,Estimated value,,,,,,,,,,
DATAFLOW,OECD.ELS.HD:DSD_HEALTH_REAC_EMP@DF_CARE(1.1),Caring personnel (personal care workers),I,ESP,Spain,HSE,Health and social employment,PS,Persons,_Z,Not applicable,_Z,Not applicable,CARE,Caring personnel,_Z,Not applicable,P,Practicing,_Z,Not applicable,2021,,546733,,,,E,Estimated value,,,,,,,,,,
DATAFLOW,OECD.ELS.HD:DSD_HEALTH_REAC_EMP@DF_CARE(1.1),Caring personnel (personal care workers),I,ESP,Spain,HSE,Health and social employment,10P3HB,Per 1 000 inhabitants,_Z,Not applicable,_Z,Not applicable,CARE,Caring personnel,_Z,Not applicable,P,Practicing,_Z,Not applicable,2021,,11.52,,,,E,Estimated value,,,,,,,,,,
DATAFLOW,OECD.ELS.HD:DSD_HEALTH_REAC_EMP@DF_CARE(1.1),Caring personnel (personal care workers),I,ESP,Spain,HSE,Health and social employment,10P3HB,Per 1 000 inhabitants,_Z,Not applicable,_Z,Not applicable,CARE,Caring personnel,_Z,Not applicable,P,Practicing,_Z,Not applicable,2022,,12.03,,,,E,Estimated value,,,,,,,,,,
DATAFLOW,OECD.ELS.HD:DSD_HEALTH_REAC_EMP@DF_CARE(1.1),Caring personnel (personal care workers),I,ESP,Spain,HSE,Health and social employment,PS,Persons,_Z,Not applicable,_Z,Not applicable,CARE,Caring personnel,_Z,Not applicable,P,Practicing,_Z,Not applicable,2022,,574800,,,,E,Estimated value,,,,,,,,,,
DATAFLOW,OECD.ELS.HD:DSD_HEALTH_REAC_EMP@DF_CARE(1.1),Caring personnel (personal care workers),I,ESP,Spain,HSE,Health and social employment,PS,Persons,_Z,Not applicable,_Z,Not applicable,CARE,Caring personnel,_Z,Not applicable,P,Practicing,_Z,Not applicable,2023,,594200,,,,E,Estimated value,,,,,,,,,,
DATAFLOW,OECD.ELS.HD:DSD_HEALTH_REAC_EMP@DF_CARE(1.1),Caring personnel (personal care workers),I,ESP,Spain,HSE,Health and social employment,10P3HB,Per 1 000 inhabitants,_Z,Not applicable,_Z,Not applicable,CARE,Caring personnel,_Z,Not applicable,P,Practicing,_Z,Not applicable,2023,,12.29,,,,E,Estimated value,,,,,,,,,,
DATAFLOW,OECD.ELS.HD:DSD_HEALTH_REAC_EMP@DF_CARE(1.1),Caring personnel (personal care workers),I,ESP,Spain,HSE,Health and social employment,10P3HB,Per 1 000 inhabitants,_Z,Not applicable,_Z,Not applicable,CARE,Caring personnel,_Z,Not applicable,P,Practicing,_Z,Not applicable,2024,,12.45,,,,E,Estimated value,,,,,,,,,,
DATAFLOW,OECD.ELS.HD:DSD_HEALTH_REAC_EMP@DF_CARE(1.1),Caring personnel (personal care workers),I,ESP,Spain,HSE,Health and social employment,PS,Persons,_Z,Not applicable,_Z,Not applicable,CARE,Caring personnel,_Z,Not applicable,P,Practicing,_Z,Not applicable,2024,,608267,,,,E,Estimated value,,,,,,,,,,
DATAFLOW,OECD.ELS.HD:DSD_HEALTH_REAC_EMP@DF_CARE(1.1),Caring personnel (personal care workers),I,AUT,Austria,HSE,Health and social employment,PS,Persons,_Z,Not applicable,_Z,Not applicable,CARE,Caring personnel,_Z,Not applicable,P,Practicing,_Z,Not applicable,2020,,47984,,,,E,Estimated value,,,,,,,,,,
DATAFLOW,OECD.ELS.HD:DSD_HEALTH_REAC_EMP@DF_CARE(1.1),Caring personnel (personal care workers),I,AUT,Austria,HSE,Health and social employment,10P3HB,Per 1 000 inhabitants,_Z,Not applicable,_Z,Not applicable,CARE,Caring personnel,_Z,Not applicable,P,Practicing,_Z,Not applicable,2020,,5.38,,,,E,Estimated value,,,,,,,,,,
DATAFLOW,OECD.ELS.HD:DSD_HEALTH_REAC_EMP@DF_CARE(1.1),Caring personnel (personal care workers),I,AUT,Austria,HSE,Health and social employment,10P3HB,Per 1 000 inhabitants,_Z,Not applicable,_Z,Not applicable,CARE,Caring personnel,_Z,Not applicable,P,Practicing,_Z,Not applicable,2021,,5.53,,,,E,Estimated value,,,,,,,,,,
DATAFLOW,OECD.ELS.HD:DSD_HEALTH_REAC_EMP@DF_CARE(1.1),Caring personnel (personal care workers),I,AUT,Austria,HSE,Health and social employment,PS,Persons,_Z,Not applicable,_Z,Not applicable,CARE,Caring personnel,_Z,Not applicable,P,Practicing,_Z,Not applicable,2021,,49551,,,,E,Estimated value,,,,,,,,,,
DATAFLOW,OECD.ELS.HD:DSD_HEALTH_REAC_EMP@DF_CARE(1.1),Caring personnel (personal care workers),I,AUT,Austria,HSE,Health and social employment,PS,Persons,_Z,Not applicable,_Z,Not applicable,CARE,Caring personnel,_Z,Not applicable,P,Practicing,_Z,Not applicable,2022,,50917,,,,E,Estimated value,,,,,,,,,,
DATAFLOW,OECD.ELS.HD:DSD_HEALTH_REAC_EMP@DF_CARE(1.1),Caring personnel (personal care workers),I,AUT,Austria,HSE,Health and social employment,10P3HB,Per 1 000 inhabitants,_Z,Not applicable,_Z,Not applicable,CARE,Caring personnel,_Z,Not applicable,P,Practicing,_Z,Not applicable,2022,,5.63,,,,E,Estimated value,,,,,,,,,,
DATAFLOW,OECD.ELS.HD:DSD_HEALTH_REAC_EMP@DF_CARE(1.1),Caring personnel (personal care workers),I,AUT,Austria,HSE,Health and social employment,10P3HB,Per 1 000 inhabitants,_Z,Not applicable,_Z,Not applicable,CARE,Caring personnel,_Z,Not applicable,P,Practicing,_Z,Not applicable,2023,,5.69,,,,E,Estimated value,,,,,,,,,,
DATAFLOW,OECD.ELS.HD:DSD_HEALTH_REAC_EMP@DF_CARE(1.1),Caring personnel (personal care workers),I,AUT,Austria,HSE,Health and social employment,PS,Persons,_Z,Not applicable,_Z,Not applicable,CARE,Caring personnel,_Z,Not applicable,P,Practicing,_Z,Not applicable,2023,,51998,,,,E,Estimated value,,,,,,,,,,
DATAFLOW,OECD.ELS.HD:DSD_HEALTH_REAC_EMP@DF_CARE(1.1),Caring personnel (personal care workers),I,AUT,Austria,HSE,Health and social employment,PS,Persons,_Z,Not applicable,_Z,Not applicable,CARE,Caring personnel,_Z,Not applicable,P,Practicing,_Z,Not applicable,2024,,47400,,,,E,Estimated value,,,,,,,,,,
DATAFLOW,OECD.ELS.HD:DSD_HEALTH_REAC_EMP@DF_CARE(1.1),Caring personnel (personal care workers),I,AUT,Austria,HSE,Health and social employment,10P3HB,Per 1 000 inhabitants,_Z,Not applicable,_Z,Not applicable,CARE,Caring personnel,_Z,Not applicable,P,Practicing,_Z,Not applicable,2024,,5.16,,,,E,Estimated value,,,,,,,,,,
DATAFLOW,OECD.ELS.HD:DSD_HEALTH_REAC_EMP@DF_CARE(1.1),Caring personnel (personal care workers),I,CAN,Canada,HSE,Health and social employment,PS,Persons,_Z,Not applicable,_Z,Not applicable,CARE,Caring personnel,_Z,Not applicable,P,Practicing,_Z,Not applicable,2015,,204556,,,,E,Estimated value,,,,,,,,,,
DATAFLOW,OECD.ELS.HD:DSD_HEALTH_REAC_EMP@DF_CARE(1.1),Caring personnel (personal care workers),I,CAN,Canada,HSE,Health and social employment,10P3HB,Per 1 000 inhabitants,_Z,Not applicable,_Z,Not applicable,CARE,Caring personnel,_Z,Not applicable,P,Practicing,_Z,Not applicable,2015,,5.73,,,,E,Estimated value,,,,,,,,,,
DATAFLOW,OECD.ELS.HD:DSD_HEALTH_REAC_EMP@DF_CARE(1.1),Caring personnel (personal care workers),I,CAN,Canada,HSE,Health and social employment,PS,Persons,_Z,Not applicable,_Z,Not applicable,CARE,Caring personnel,_Z,Not applicable,P,Practicing,_Z,Not applicable,2017,,217978,,,,E,Estimated value,,,,,,,,,,
DATAFLOW,OECD.ELS.HD:DSD_HEALTH_REAC_EMP@DF_CARE(1.1),Caring personnel (personal care workers),I,CAN,Canada,HSE,Health and social employment,10P3HB,Per 1 000 inhabitants,_Z,Not applicable,_Z,Not applicable,CARE,Caring personnel,_Z,Not applicable,P,Practicing,_Z,Not applicable,2017,,5.96,,,,E,Estimated value,,,,,,,,,,
DATAFLOW,OECD.ELS.HD:DSD_HEALTH_REAC_EMP@DF_CARE(1.1),Caring personnel (personal care workers),I,CAN,Canada,HSE,Health and social employment,10P3HB,Per 1 000 inhabitants,_Z,Not applicable,_Z,Not applicable,CARE,Caring personnel,_Z,Not applicable,P,Practicing,_Z,Not applicable,2018,,6.07,,,,E,Estimated value,,,,,,,,,,
DATAFLOW,OECD.ELS.HD:DSD_HEALTH_REAC_EMP@DF_CARE(1.1),Caring personnel (personal care workers),I,CAN,Canada,HSE,Health and social employment,PS,Persons,_Z,Not applicable,_Z,Not applicable,CARE,Caring personnel,_Z,Not applicable,P,Practicing,_Z,Not applicable,2018,,225015,,,,E,Estimated value,,,,,,,,,,
DATAFLOW,OECD.ELS.HD:DSD_HEALTH_REAC_EMP@DF_CARE(1.1),Caring personnel (personal care workers),I,CAN,Canada,HSE,Health and social employment,PS,Persons,_Z,Not applicable,_Z,Not applicable,CARE,Caring personnel,_Z,Not applicable,P,Practicing,_Z,Not applicable,2019,,232280,,,,E,Estimated value,,,,,,,,,,
DATAFLOW,OECD.ELS.HD:DSD_HEALTH_REAC_EMP@DF_CARE(1.1),Caring personnel (personal care workers),I,CAN,Canada,HSE,Health and social employment,10P3HB,Per 1 000 inhabitants,_Z,Not applicable,_Z,Not applicable,CARE,Caring personnel,_Z,Not applicable,P,Practicing,_Z,Not applicable,2019,,6.17,,,,E,Estimated value,,,,,,,,,,
DATAFLOW,OECD.ELS.HD:DSD_HEALTH_REAC_EMP@DF_CARE(1.1),Caring personnel (personal care workers),I,CAN,Canada,HSE,Health and social employment,10P3HB,Per 1 000 inhabitants,_Z,Not applicable,_Z,Not applicable,CARE,Caring personnel,_Z,Not applicable,P,Practicing,_Z,Not applicable,2020,,6.31,,,,E,Estimated value,,,,,,,,,,
DATAFLOW,OECD.ELS.HD:DSD_HEALTH_REAC_EMP@DF_CARE(1.1),Caring personnel (personal care workers),I,CAN,Canada,HSE,Health and social employment,PS,Persons,_Z,Not applicable,_Z,Not applicable,CARE,Caring personnel,_Z,Not applicable,P,Practicing,_Z,Not applicable,2020,,239779.94,,,,E,Estimated value,,,,,,,,,,
DATAFLOW,OECD.ELS.HD:DSD_HEALTH_REAC_EMP@DF_CARE(1.1),Caring personnel (personal care workers),I,CAN,Canada,HSE,Health and social employment,10P3HB,Per 1 000 inhabitants,_Z,Not applicable,_Z,Not applicable,CARE,Caring personnel,_Z,Not applicable,P,Practicing,_Z,Not applicable,2022,,7.09,,,,E,Estimated value,,,,,,,,,,
DATAFLOW,OECD.ELS.HD:DSD_HEALTH_REAC_EMP@DF_CARE(1.1),Caring personnel (personal care workers),I,CAN,Canada,HSE,Health and social employment,PS,Persons,_Z,Not applicable,_Z,Not applicable,CARE,Caring personnel,_Z,Not applicable,P,Practicing,_Z,Not applicable,2022,,276153.41,,,,E,Estimated value,,,,,,,,,,
DATAFLOW,OECD.ELS.HD:DSD_HEALTH_REAC_EMP@DF_CARE(1.1),Caring personnel (personal care workers),I,CAN,Canada,HSE,Health and social employment,PS,Persons,_Z,Not applicable,_Z,Not applicable,CARE,Caring personnel,_Z,Not applicable,P,Practicing,_Z,Not applicable,2023,,288784.28,,,,E,Estimated value,,,,,,,,,,
DATAFLOW,OECD.ELS.HD:DSD_HEALTH_REAC_EMP@DF_CARE(1.1),Caring personnel (personal care workers),I,CAN,Canada,HSE,Health and social employment,10P3HB,Per 1 000 inhabitants,_Z,Not applicable,_Z,Not applicable,CARE,Caring personnel,_Z,Not applicable,P,Practicing,_Z,Not applicable,2023,,7.21,,,,E,Estimated value,,,,,,,,,,
DATAFLOW,OECD.ELS.HD:DSD_HEALTH_REAC_EMP@DF_CARE(1.1),Caring personnel (personal care workers),I,CAN,Canada,HSE,Health and social employment,10P3HB,Per 1 000 inhabitants,_Z,Not applicable,_Z,Not applicable,CARE,Caring personnel,_Z,Not applicable,P,Practicing,_Z,Not applicable,2024,,7.32,,,,E,Estimated value,,,,,,,,,,
DATAFLOW,OECD.ELS.HD:DSD_HEALTH_REAC_EMP@DF_CARE(1.1),Caring personnel (personal care workers),I,CAN,Canada,HSE,Health and social employment,PS,Persons,_Z,Not applicable,_Z,Not applicable,CARE,Caring personnel,_Z,Not applicable,P,Practicing,_Z,Not applicable,2024,,301992.86,,,,E,Estimated value,,,,,,,,,,
DATAFLOW,OECD.ELS.HD:DSD_HEALTH_REAC_EMP@DF_CARE(1.1),Caring personnel (personal care workers),I,ISL,Iceland,HSE,Health and social employment,10P3HB,Per 1 000 inhabitants,_Z,Not applicable,_Z,Not applicable,CARE,Caring personnel,_Z,Not applicable,P,Practicing,_Z,Not applicable,2015,,14.51,,,,E,Estimated value,,,,,,,,,,
DATAFLOW,OECD.ELS.HD:DSD_HEALTH_REAC_EMP@DF_CARE(1.1),Caring personnel (personal care workers),I,ISL,Iceland,HSE,Health and social employment,PS,Persons,_Z,Not applicable,_Z,Not applicable,CARE,Caring personnel,_Z,Not applicable,P,Practicing,_Z,Not applicable,2015,,4800,,,,E,Estimated value,,,,,,,,,,
DATAFLOW,OECD.ELS.HD:DSD_HEALTH_REAC_EMP@DF_CARE(1.1),Caring personnel (personal care workers),I,ISL,Iceland,HSE,Health and social employment,PS,Persons,_Z,Not applicable,_Z,Not applicable,CARE,Caring personnel,_Z,Not applicable,P,Practicing,_Z,Not applicable,2016,,4600,,,,E,Estimated value,,,,,,,,,,
DATAFLOW,OECD.ELS.HD:DSD_HEALTH_REAC_EMP@DF_CARE(1.1),Caring personnel (personal care workers),I,ISL,Iceland,HSE,Health and social employment,10P3HB,Per 1 000 inhabitants,_Z,Not applicable,_Z,Not applicable,CARE,Caring personnel,_Z,Not applicable,P,Practicing,_Z,Not applicable,2016,,13.71,,,,E,Estimated value,,,,,,,,,,
DATAFLOW,OECD.ELS.HD:DSD_HEALTH_REAC_EMP@DF_CARE(1.1),Caring personnel (personal care workers),I,ISL,Iceland,HSE,Health and social employment,10P3HB,Per 1 000 inhabitants,_Z,Not applicable,_Z,Not applicable,CARE,Caring personnel,_Z,Not applicable,P,Practicing,_Z,Not applicable,2017,,15.14,,,,E,Estimated value,,,,,,,,,,
DATAFLOW,OECD.ELS.HD:DSD_HEALTH_REAC_EMP@DF_CARE(1.1),Caring personnel (personal care workers),I,ISL,Iceland,HSE,Health and social employment,PS,Persons,_Z,Not applicable,_Z,Not applicable,CARE,Caring personnel,_Z,Not applicable,P,Practicing,_Z,Not applicable,2017,,5200,,,,E,Estimated value,,,,,,,,,,
DATAFLOW,OECD.ELS.HD:DSD_HEALTH_REAC_EMP@DF_CARE(1.1),Caring personnel (personal care workers),I,ISL,Iceland,HSE,Health and social employment,PS,Persons,_Z,Not applicable,_Z,Not applicable,CARE,Caring personnel,_Z,Not applicable,P,Practicing,_Z,Not applicable,2018,,5300,,,,E,Estimated value,,,,,,,,,,
DATAFLOW,OECD.ELS.HD:DSD_HEALTH_REAC_EMP@DF_CARE(1.1),Caring personnel (personal care workers),I,ISL,Iceland,HSE,Health and social employment,10P3HB,Per 1 000 inhabitants,_Z,Not applicable,_Z,Not applicable,CARE,Caring personnel,_Z,Not applicable,P,Practicing,_Z,Not applicable,2018,,15.03,,,,E,Estimated value,,,,,,,,,,
DATAFLOW,OECD.ELS.HD:DSD_HEALTH_REAC_EMP@DF_CARE(1.1),Caring personnel (personal care workers),I,ISL,Iceland,HSE,Health and social employment,10P3HB,Per 1 000 inhabitants,_Z,Not applicable,_Z,Not applicable,CARE,Caring personnel,_Z,Not applicable,P,Practicing,_Z,Not applicable,2019,,15.81,,,,E,Estimated value,,,,,,,,,,
DATAFLOW,OECD.ELS.HD:DSD_HEALTH_REAC_EMP@DF_CARE(1.1),Caring personnel (personal care workers),I,ISL,Iceland,HSE,Health and social employment,PS,Persons,_Z,Not applicable,_Z,Not applicable,CARE,Caring personnel,_Z,Not applicable,P,Practicing,_Z,Not applicable,2019,,5700,,,,E,Estimated value,,,,,,,,,,
DATAFLOW,OECD.ELS.HD:DSD_HEALTH_REAC_EMP@DF_CARE(1.1),Caring personnel (personal care workers),I,ISL,Iceland,HSE,Health and social employment,PS,Persons,_Z,Not applicable,_Z,Not applicable,CARE,Caring personnel,_Z,Not applicable,P,Practicing,_Z,Not applicable,2020,,6500,,,,E,Estimated value,,,,,,,,,,
DATAFLOW,OECD.ELS.HD:DSD_HEALTH_REAC_EMP@DF_CARE(1.1),Caring personnel (personal care workers),I,ISL,Iceland,HSE,Health and social employment,10P3HB,Per 1 000 inhabitants,_Z,Not applicable,_Z,Not applicable,CARE,Caring personnel,_Z,Not applicable,P,Practicing,_Z,Not applicable,2020,,17.74,,,,E,Estimated value,,,,,,,,,,
DATAFLOW,OECD.ELS.HD:DSD_HEALTH_REAC_EMP@DF_CARE(1.1),Caring personnel (personal care workers),I,NLD,Netherlands,HSE,Health and social employment,PS,Persons,_Z,Not applicable,_Z,Not applicable,CARE,Caring personnel,_Z,Not applicable,P,Practicing,_Z,Not applicable,2015,,234000,,,,E,Estimated value,,,,,,,,,,
DATAFLOW,OECD.ELS.HD:DSD_HEALTH_REAC_EMP@DF_CARE(1.1),Caring personnel (personal care workers),I,NLD,Netherlands,HSE,Health and social employment,10P3HB,Per 1 000 inhabitants,_Z,Not applicable,_Z,Not applicable,CARE,Caring personnel,_Z,Not applicable,P,Practicing,_Z,Not applicable,2015,,13.81,,,,E,Estimated value,,,,,,,,,,
DATAFLOW,OECD.ELS.HD:DSD_HEALTH_REAC_EMP@DF_CARE(1.1),Caring personnel (personal care workers),I,NLD,Netherlands,HSE,Health and social employment,10P3HB,Per 1 000 inhabitants,_Z,Not applicable,_Z,Not applicable,CARE,Caring personnel,_Z,Not applicable,P,Practicing,_Z,Not applicable,2016,,12.86,,,,E,Estimated value,,,,,,,,,,
DATAFLOW,OECD.ELS.HD:DSD_HEALTH_REAC_EMP@DF_CARE(1.1),Caring personnel (personal care workers),I,NLD,Netherlands,HSE,Health and social employment,PS,Persons,_Z,Not applicable,_Z,Not applicable,CARE,Caring personnel,_Z,Not applicable,P,Practicing,_Z,Not applicable,2016,,219000,,,,E,Estimated value,,,,,,,,,,
DATAFLOW,OECD.ELS.HD:DSD_HEALTH_REAC_EMP@DF_CARE(1.1),Caring personnel (personal care workers),I,NLD,Netherlands,HSE,Health and social employment,PS,Persons,_Z,Not applicable,_Z,Not applicable,CARE,Caring personnel,_Z,Not applicable,P,Practicing,_Z,Not applicable,2017,,224000,,,,E,Estimated value,,,,,,,,,,
DATAFLOW,OECD.ELS.HD:DSD_HEALTH_REAC_EMP@DF_CARE(1.1),Caring personnel (personal care workers),I,NLD,Netherlands,HSE,Health and social employment,10P3HB,Per 1 000 inhabitants,_Z,Not applicable,_Z,Not applicable,CARE,Caring personnel,_Z,Not applicable,P,Practicing,_Z,Not applicable,2017,,13.08,,,,E,Estimated value,,,,,,,,,,
DATAFLOW,OECD.ELS.HD:DSD_HEALTH_REAC_EMP@DF_CARE(1.1),Caring personnel (personal care workers),I,NLD,Netherlands,HSE,Health and social employment,10P3HB,Per 1 000 inhabitants,_Z,Not applicable,_Z,Not applicable,CARE,Caring personnel,_Z,Not applicable,P,Practicing,_Z,Not applicable,2018,,13.06,,,,E,Estimated value,,,,,,,,,,
DATAFLOW,OECD.ELS.HD:DSD_HEALTH_REAC_EMP@DF_CARE(1.1),Caring personnel (personal care workers),I,NLD,Netherlands,HSE,Health and social employment,PS,Persons,_Z,Not applicable,_Z,Not applicable,CARE,Caring personnel,_Z,Not applicable,P,Practicing,_Z,Not applicable,2018,,225000,,,,E,Estimated value,,,,,,,,,,
DATAFLOW,OECD.ELS.HD:DSD_HEALTH_REAC_EMP@DF_CARE(1.1),Caring personnel (personal care workers),I,NLD,Netherlands,HSE,Health and social employment,PS,Persons,_Z,Not applicable,_Z,Not applicable,CARE,Caring personnel,_Z,Not applicable,P,Practicing,_Z,Not applicable,2019,,234000,,,,E,Estimated value,,,,,,,,,,
DATAFLOW,OECD.ELS.HD:DSD_HEALTH_REAC_EMP@DF_CARE(1.1),Caring personnel (personal care workers),I,NLD,Netherlands,HSE,Health and social employment,10P3HB,Per 1 000 inhabitants,_Z,Not applicable,_Z,Not applicable,CARE,Caring personnel,_Z,Not applicable,P,Practicing,_Z,Not applicable,2019,,13.49,,,,E,Estimated value,,,,,,,,,,
DATAFLOW,OECD.ELS.HD:DSD_HEALTH_REAC_EMP@DF_CARE(1.1),Caring personnel (personal care workers),I,NLD,Netherlands,HSE,Health and social employment,10P3HB,Per 1 000 inhabitants,_Z,Not applicable,_Z,Not applicable,CARE,Caring personnel,_Z,Not applicable,P,Practicing,_Z,Not applicable,2020,,13.3,,,,E,Estimated value,,,,,,,,,,
DATAFLOW,OECD.ELS.HD:DSD_HEALTH_REAC_EMP@DF_CARE(1.1),Caring personnel (personal care workers),I,NLD,Netherlands,HSE,Health and social employment,PS,Persons,_Z,Not applicable,_Z,Not applicable,CARE,Caring personnel,_Z,Not applicable,P,Practicing,_Z,Not applicable,2020,,232000,,,,E,Estimated value,,,,,,,,,,
DATAFLOW,OECD.ELS.HD:DSD_HEALTH_REAC_EMP@DF_CARE(1.1),Caring personnel (personal care workers),I,NLD,Netherlands,HSE,Health and social employment,PS,Persons,_Z,Not applicable,_Z,Not applicable,CARE,Caring personnel,_Z,Not applicable,P,Practicing,_Z,Not applicable,2021,,250000,,,,E,Estimated value,,,,,,,,,,
DATAFLOW,OECD.ELS.HD:DSD_HEALTH_REAC_EMP@DF_CARE(1.1),Caring personnel (personal care workers),I,NLD,Netherlands,HSE,Health and social employment,10P3HB,Per 1 000 inhabitants,_Z,Not applicable,_Z,Not applicable,CARE,Caring personnel,_Z,Not applicable,P,Practicing,_Z,Not applicable,2021,,14.26,,,,E,Estimated value,,,,,,,,,,
DATAFLOW,OECD.ELS.HD:DSD_HEALTH_REAC_EMP@DF_CARE(1.1),Caring personnel (personal care workers),I,NLD,Netherlands,HSE,Health and social employment,10P3HB,Per 1 000 inhabitants,_Z,Not applicable,_Z,Not applicable,CARE,Caring personnel,_Z,Not applicable,P,Practicing,_Z,Not applicable,2022,,14.58,,,,E,Estimated value,,,,,,,,,,
DATAFLOW,OECD.ELS.HD:DSD_HEALTH_REAC_EMP@DF_CARE(1.1),Caring personnel (personal care workers),I,NLD,Netherlands,HSE,Health and social employment,PS,Persons,_Z,Not applicable,_Z,Not applicable,CARE,Caring personnel,_Z,Not applicable,P,Practicing,_Z,Not applicable,2022,,258000,,,,E,Estimated value,,,,,,,,,,
DATAFLOW,OECD.ELS.HD:DSD_HEALTH_REAC_EMP@DF_CARE(1.1),Caring personnel (personal care workers),I,NLD,Netherlands,HSE,Health and social employment,PS,Persons,_Z,Not applicable,_Z,Not applicable,CARE,Caring personnel,_Z,Not applicable,P,Practicing,_Z,Not applicable,2023,,262000,,,,E,Estimated value,,,,,,,,,,
DATAFLOW,OECD.ELS.HD:DSD_HEALTH_REAC_EMP@DF_CARE(1.1),Caring personnel (personal care workers),I,NLD,Netherlands,HSE,Health and social employment,10P3HB,Per 1 000 inhabitants,_Z,Not applicable,_Z,Not applicable,CARE,Caring personnel,_Z,Not applicable,P,Practicing,_Z,Not applicable,2023,,14.66,,,,E,Estimated value,,,,,,,,,,
DATAFLOW,OECD.ELS.HD:DSD_HEALTH_REAC_EMP@DF_CARE(1.1),Caring personnel (personal care workers),I,NLD,Netherlands,HSE,Health and social employment,10P3HB,Per 1 000 inhabitants,_Z,Not applicable,_Z,Not applicable,CARE,Caring personnel,_Z,Not applicable,P,Practicing,_Z,Not applicable,2024,,14.78,,,,E,Estimated value,,,,,,,,,,
DATAFLOW,OECD.ELS.HD:DSD_HEALTH_REAC_EMP@DF_CARE(1.1),Caring personnel (personal care workers),I,NLD,Netherlands,HSE,Health and social employment,PS,Persons,_Z,Not applicable,_Z,Not applicable,CARE,Caring personnel,_Z,Not applicable,P,Practicing,_Z,Not applicable,2024,,266000,,,,E,Estimated value,,,,,,,,,,
DATAFLOW,OECD.ELS.HD:DSD_HEALTH_REAC_EMP@DF_CARE(1.1),Caring personnel (personal care workers),I,SVN,Slovenia,HSE,Health and social employment,PS,Persons,_Z,Not applicable,_Z,Not applicable,CARE,Caring personnel,_Z,Not applicable,P,Practicing,_Z,Not applicable,2016,,1777,,,,E,Estimated value,,,,,,,,,,
DATAFLOW,OECD.ELS.HD:DSD_HEALTH_REAC_EMP@DF_CARE(1.1),Caring personnel (personal care workers),I,SVN,Slovenia,HSE,Health and social employment,10P3HB,Per 1 000 inhabitants,_Z,Not applicable,_Z,Not applicable,CARE,Caring personnel,_Z,Not applicable,P,Practicing,_Z,Not applicable,2016,,0.86,,,,E,Estimated value,,,,,,,,,,
DATAFLOW,OECD.ELS.HD:DSD_HEALTH_REAC_EMP@DF_CARE(1.1),Caring personnel (personal care workers),I,SVN,Slovenia,HSE,Health and social employment,10P3HB,Per 1 000 inhabitants,_Z,Not applicable,_Z,Not applicable,CARE,Caring personnel,_Z,Not applicable,P,Practicing,_Z,Not applicable,2017,,1,,,,E,Estimated value,,,,,,,,,,
DATAFLOW,OECD.ELS.HD:DSD_HEALTH_REAC_EMP@DF_CARE(1.1),Caring personnel (personal care workers),I,SVN,Slovenia,HSE,Health and social employment,PS,Persons,_Z,Not applicable,_Z,Not applicable,CARE,Caring personnel,_Z,Not applicable,P,Practicing,_Z,Not applicable,2017,,2058,,,,E,Estimated value,,,,,,,,,,
DATAFLOW,OECD.ELS.HD:DSD_HEALTH_REAC_EMP@DF_CARE(1.1),Caring personnel (personal care workers),I,SVN,Slovenia,HSE,Health and social employment,PS,Persons,_Z,Not applicable,_Z,Not applicable,CARE,Caring personnel,_Z,Not applicable,P,Practicing,_Z,Not applicable,2018,,2341,,,,E,Estimated value,,,,,,,,,,
DATAFLOW,OECD.ELS.HD:DSD_HEALTH_REAC_EMP@DF_CARE(1.1),Caring personnel (personal care workers),I,SVN,Slovenia,HSE,Health and social employment,10P3HB,Per 1 000 inhabitants,_Z,Not applicable,_Z,Not applicable,CARE,Caring personnel,_Z,Not applicable,P,Practicing,_Z,Not applicable,2018,,1.13,,,,E,Estimated value,,,,,,,,,,
DATAFLOW,OECD.ELS.HD:DSD_HEALTH_REAC_EMP@DF_CARE(1.1),Caring personnel (personal care workers),I,SVN,Slovenia,HSE,Health and social employment,10P3HB,Per 1 000 inhabitants,_Z,Not applicable,_Z,Not applicable,CARE,Caring personnel,_Z,Not applicable,P,Practicing,_Z,Not applicable,2019,,1.2,,,,E,Estimated value,,,,,,,,,,
DATAFLOW,OECD.ELS.HD:DSD_HEALTH_REAC_EMP@DF_CARE(1.1),Caring personnel (personal care workers),I,SVN,Slovenia,HSE,Health and social employment,PS,Persons,_Z,Not applicable,_Z,Not applicable,CARE,Caring personnel,_Z,Not applicable,P,Practicing,_Z,Not applicable,2019,,2500,,,,E,Estimated value,,,,,,,,,,
DATAFLOW,OECD.ELS.HD:DSD_HEALTH_REAC_EMP@DF_CARE(1.1),Caring personnel (personal care workers),I,SVN,Slovenia,HSE,Health and social employment,PS,Persons,_Z,Not applicable,_Z,Not applicable,CARE,Caring personnel,_Z,Not applicable,P,Practicing,_Z,Not applicable,2020,,2691,,,,E,Estimated value,,,,,,,,,,
DATAFLOW,OECD.ELS.HD:DSD_HEALTH_REAC_EMP@DF_CARE(1.1),Caring personnel (personal care workers),I,SVN,Slovenia,HSE,Health and social employment,10P3HB,Per 1 000 inhabitants,_Z,Not applicable,_Z,Not applicable,CARE,Caring personnel,_Z,Not applicable,P,Practicing,_Z,Not applicable,2020,,1.28,,,,E,Estimated value,,,,,,,,,,
DATAFLOW,OECD.ELS.HD:DSD_HEALTH_REAC_EMP@DF_CARE(1.1),Caring personnel (personal care workers),I,SVN,Slovenia,HSE,Health and social employment,10P3HB,Per 1 000 inhabitants,_Z,Not applicable,_Z,Not applicable,CARE,Caring personnel,_Z,Not applicable,P,Practicing,_Z,Not applicable,2021,,1.23,,,,E,Estimated value,,,,,,,,,,
DATAFLOW,OECD.ELS.HD:DSD_HEALTH_REAC_EMP@DF_CARE(1.1),Caring personnel (personal care workers),I,SVN,Slovenia,HSE,Health and social employment,PS,Persons,_Z,Not applicable,_Z,Not applicable,CARE,Caring personnel,_Z,Not applicable,P,Practicing,_Z,Not applicable,2021,,2603,,,,E,Estimated value,,,,,,,,,,
DATAFLOW,OECD.ELS.HD:DSD_HEALTH_REAC_EMP@DF_CARE(1.1),Caring personnel (personal care workers),I,SVN,Slovenia,HSE,Health and social employment,PS,Persons,_Z,Not applicable,_Z,Not applicable,CARE,Caring personnel,_Z,Not applicable,P,Practicing,_Z,Not applicable,2022,,2573,,,,E,Estimated value,,,,,,,,,,
DATAFLOW,OECD.ELS.HD:DSD_HEALTH_REAC_EMP@DF_CARE(1.1),Caring personnel (personal care workers),I,SVN,Slovenia,HSE,Health and social employment,10P3HB,Per 1 000 inhabitants,_Z,Not applicable,_Z,Not applicable,CARE,Caring personnel,_Z,Not applicable,P,Practicing,_Z,Not applicable,2022,,1.22,,,,E,Estimated value,,,,,,,,,,
DATAFLOW,OECD.ELS.HD:DSD_HEALTH_REAC_EMP@DF_CARE(1.1),Caring personnel (personal care workers),I,SVN,Slovenia,HSE,Health and social employment,10P3HB,Per 1 000 inhabitants,_Z,Not applicable,_Z,Not applicable,CARE,Caring personnel,_Z,Not applicable,P,Practicing,_Z,Not applicable,2023,,1.25,,,,E,Estimated value,,,,,,,,,,
DATAFLOW,OECD.ELS.HD:DSD_HEALTH_REAC_EMP@DF_CARE(1.1),Caring personnel (personal care workers),I,SVN,Slovenia,HSE,Health and social employment,PS,Persons,_Z,Not applicable,_Z,Not applicable,CARE,Caring personnel,_Z,Not applicable,P,Practicing,_Z,Not applicable,2023,,2652,,,,E,Estimated value,,,,,,,,,,
DATAFLOW,OECD.ELS.HD:DSD_HEALTH_REAC_EMP@DF_CARE(1.1),Caring personnel (personal care workers),I,SVN,Slovenia,HSE,Health and social employment,PS,Persons,_Z,Not applicable,_Z,Not applicable,CARE,Caring personnel,_Z,Not applicable,P,Practicing,_Z,Not applicable,2024,,2643,,,,E,Estimated value,,,,,,,,,,
DATAFLOW,OECD.ELS.HD:DSD_HEALTH_REAC_EMP@DF_CARE(1.1),Caring personnel (personal care workers),I,SVN,Slovenia,HSE,Health and social employment,10P3HB,Per 1 000 inhabitants,_Z,Not applicable,_Z,Not applicable,CARE,Caring personnel,_Z,Not applicable,P,Practicing,_Z,Not applicable,2024,,1.24,,,,E,Estimated value,,,,,,,,,,
DATAFLOW,OECD.ELS.HD:DSD_HEALTH_REAC_EMP@DF_CARE(1.1),Caring personnel (personal care workers),I,GBR,United Kingdom,HSE,Health and social employment,10P3HB,Per 1 000 inhabitants,_Z,Not applicable,_Z,Not applicable,CARE,Caring personnel,_Z,Not applicable,P,Practicing,_Z,Not applicable,2015,,15.61,,,,E,Estimated value,,,,,,,,,,
DATAFLOW,OECD.ELS.HD:DSD_HEALTH_REAC_EMP@DF_CARE(1.1),Caring personnel (personal care workers),I,GBR,United Kingdom,HSE,Health and social employment,PS,Persons,_Z,Not applicable,_Z,Not applicable,CARE,Caring personnel,_Z,Not applicable,P,Practicing,_Z,Not applicable,2015,,1016240,,,,E,Estimated value,,,,,,,,,,
DATAFLOW,OECD.ELS.HD:DSD_HEALTH_REAC_EMP@DF_CARE(1.1),Caring personnel (personal care workers),I,GBR,United Kingdom,HSE,Health and social employment,PS,Persons,_Z,Not applicable,_Z,Not applicable,CARE,Caring personnel,_Z,Not applicable,P,Practicing,_Z,Not applicable,2016,,1038731,,,,E,Estimated value,,,,,,,,,,
DATAFLOW,OECD.ELS.HD:DSD_HEALTH_REAC_EMP@DF_CARE(1.1),Caring personnel (personal care workers),I,GBR,United Kingdom,HSE,Health and social employment,10P3HB,Per 1 000 inhabitants,_Z,Not applicable,_Z,Not applicable,CARE,Caring personnel,_Z,Not applicable,P,Practicing,_Z,Not applicable,2016,,15.83,,,,E,Estimated value,,,,,,,,,,
DATAFLOW,OECD.ELS.HD:DSD_HEALTH_REAC_EMP@DF_CARE(1.1),Caring personnel (personal care workers),I,GBR,United Kingdom,HSE,Health and social employment,PS,Persons,_Z,Not applicable,_Z,Not applicable,CARE,Caring personnel,_Z,Not applicable,P,Practicing,_Z,Not applicable,2018,,1123902,,,,E,Estimated value,,,,,,,,,,
DATAFLOW,OECD.ELS.HD:DSD_HEALTH_REAC_EMP@DF_CARE(1.1),Caring personnel (personal care workers),I,GBR,United Kingdom,HSE,Health and social employment,10P3HB,Per 1 000 inhabitants,_Z,Not applicable,_Z,Not applicable,CARE,Caring personnel,_Z,Not applicable,P,Practicing,_Z,Not applicable,2018,,16.96,,,,E,Estimated value,,,,,,,,,,
DATAFLOW,OECD.ELS.HD:DSD_HEALTH_REAC_EMP@DF_CARE(1.1),Caring personnel (personal care workers),I,GBR,United Kingdom,HSE,Health and social employment,10P3HB,Per 1 000 inhabitants,_Z,Not applicable,_Z,Not applicable,CARE,Caring personnel,_Z,Not applicable,P,Practicing,_Z,Not applicable,2019,,17.45,,,,E,Estimated value,,,,,,,,,,
DATAFLOW,OECD.ELS.HD:DSD_HEALTH_REAC_EMP@DF_CARE(1.1),Caring personnel (personal care workers),I,GBR,United Kingdom,HSE,Health and social employment,PS,Persons,_Z,Not applicable,_Z,Not applicable,CARE,Caring personnel,_Z,Not applicable,P,Practicing,_Z,Not applicable,2019,,1162698,,,,E,Estimated value,,,,,,,,,,
DATAFLOW,OECD.ELS.HD:DSD_HEALTH_REAC_EMP@DF_CARE(1.1),Caring personnel (personal care workers),I,GBR,United Kingdom,HSE,Health and social employment,PS,Persons,_Z,Not applicable,_Z,Not applicable,CARE,Caring personnel,_Z,Not applicable,P,Practicing,_Z,Not applicable,2020,,1202834,,,,E,Estimated value,,,,,,,,,,
DATAFLOW,OECD.ELS.HD:DSD_HEALTH_REAC_EMP@DF_CARE(1.1),Caring personnel (personal care workers),I,GBR,United Kingdom,HSE,Health and social employment,10P3HB,Per 1 000 inhabitants,_Z,Not applicable,_Z,Not applicable,CARE,Caring personnel,_Z,Not applicable,P,Practicing,_Z,Not applicable,2020,,18.02,,,,E,Estimated value,,,,,,,,,,
DATAFLOW,OECD.ELS.HD:DSD_HEALTH_REAC_EMP@DF_CARE(1.1),Caring personnel (personal care workers),I,GBR,United Kingdom,HSE,Health and social employment,10P3HB,Per 1 000 inhabitants,_Z,Not applicable,_Z,Not applicable,CARE,Caring personnel,_Z,Not applicable,P,Practicing,_Z,Not applicable,2021,,18.57,,,,E,Estimated value,,,,,,,,,,
DATAFLOW,OECD.ELS.HD:DSD_HEALTH_REAC_EMP@DF_CARE(1.1),Caring personnel (personal care workers),I,GBR,United Kingdom,HSE,Health and social employment,PS,Persons,_Z,Not applicable,_Z,Not applicable,CARE,Caring personnel,_Z,Not applicable,P,Practicing,_Z,Not applicable,2021,,1243860,,,,E,Estimated value,,,,,,,,,,
DATAFLOW,OECD.ELS.HD:DSD_HEALTH_REAC_EMP@DF_CARE(1.1),Caring personnel (personal care workers),I,GBR,United Kingdom,HSE,Health and social employment,PS,Persons,_Z,Not applicable,_Z,Not applicable,CARE,Caring personnel,_Z,Not applicable,P,Practicing,_Z,Not applicable,2022,,1206544.2,,,,E,Estimated value,,,,,,,,,,
DATAFLOW,OECD.ELS.HD:DSD_HEALTH_REAC_EMP@DF_CARE(1.1),Caring personnel (personal care workers),I,GBR,United Kingdom,HSE,Health and social employment,10P3HB,Per 1 000 inhabitants,_Z,Not applicable,_Z,Not applicable,CARE,Caring personnel,_Z,Not applicable,P,Practicing,_Z,Not applicable,2022,,17.84,,,,E,Estimated value,,,,,,,,,,
DATAFLOW,OECD.ELS.HD:DSD_HEALTH_REAC_EMP@DF_CARE(1.1),Caring personnel (personal care workers),I,MLT,Malta,HSE,Health and social employment,PS,Persons,_Z,Not applicable,_Z,Not applicable,CARE,Caring personnel,_Z,Not applicable,P,Practicing,_Z,Not applicable,2015,,3058,,,,E,Estimated value,,,,,,,,,,
DATAFLOW,OECD.ELS.HD:DSD_HEALTH_REAC_EMP@DF_CARE(1.1),Caring personnel (personal care workers),I,MLT,Malta,HSE,Health and social employment,10P3HB,Per 1 000 inhabitants,_Z,Not applicable,_Z,Not applicable,CARE,Caring personnel,_Z,Not applicable,P,Practicing,_Z,Not applicable,2015,,6.88,,,,E,Estimated value,,,,,,,,,,
DATAFLOW,OECD.ELS.HD:DSD_HEALTH_REAC_EMP@DF_CARE(1.1),Caring personnel (personal care workers),I,MLT,Malta,HSE,Health and social employment,10P3HB,Per 1 000 inhabitants,_Z,Not applicable,_Z,Not applicable,CARE,Caring personnel,_Z,Not applicable,P,Practicing,_Z,Not applicable,2016,,6.76,,,,E,Estimated value,,,,,,,,,,
DATAFLOW,OECD.ELS.HD:DSD_HEALTH_REAC_EMP@DF_CARE(1.1),Caring personnel (personal care workers),I,MLT,Malta,HSE,Health and social employment,PS,Persons,_Z,Not applicable,_Z,Not applicable,CARE,Caring personnel,_Z,Not applicable,P,Practicing,_Z,Not applicable,2016,,3074,,,,E,Estimated value,,,,,,,,,,
DATAFLOW,OECD.ELS.HD:DSD_HEALTH_REAC_EMP@DF_CARE(1.1),Caring personnel (personal care workers),I,MLT,Malta,HSE,Health and social employment,PS,Persons,_Z,Not applicable,_Z,Not applicable,CARE,Caring personnel,_Z,Not applicable,P,Practicing,_Z,Not applicable,2017,,3077,,,,E,Estimated value,,,,,,,,,,
DATAFLOW,OECD.ELS.HD:DSD_HEALTH_REAC_EMP@DF_CARE(1.1),Caring personnel (personal care workers),I,MLT,Malta,HSE,Health and social employment,10P3HB,Per 1 000 inhabitants,_Z,Not applicable,_Z,Not applicable,CARE,Caring personnel,_Z,Not applicable,P,Practicing,_Z,Not applicable,2017,,6.59,,,,E,Estimated value,,,,,,,,,,
DATAFLOW,OECD.ELS.HD:DSD_HEALTH_REAC_EMP@DF_CARE(1.1),Caring personnel (personal care workers),I,MLT,Malta,HSE,Health and social employment,10P3HB,Per 1 000 inhabitants,_Z,Not applicable,_Z,Not applicable,CARE,Caring personnel,_Z,Not applicable,P,Practicing,_Z,Not applicable,2018,,7.19,,,,E,Estimated value,,,,,,,,,,
DATAFLOW,OECD.ELS.HD:DSD_HEALTH_REAC_EMP@DF_CARE(1.1),Caring personnel (personal care workers),I,MLT,Malta,HSE,Health and social employment,PS,Persons,_Z,Not applicable,_Z,Not applicable,CARE,Caring personnel,_Z,Not applicable,P,Practicing,_Z,Not applicable,2018,,3478,,,,E,Estimated value,,,,,,,,,,
DATAFLOW,OECD.ELS.HD:DSD_HEALTH_REAC_EMP@DF_CARE(1.1),Caring personnel (personal care workers),I,MLT,Malta,HSE,Health and social employment,PS,Persons,_Z,Not applicable,_Z,Not applicable,CARE,Caring personnel,_Z,Not applicable,P,Practicing,_Z,Not applicable,2019,,3543,,,,E,Estimated value,,,,,,,,,,
DATAFLOW,OECD.ELS.HD:DSD_HEALTH_REAC_EMP@DF_CARE(1.1),Caring personnel (personal care workers),I,MLT,Malta,HSE,Health and social employment,10P3HB,Per 1 000 inhabitants,_Z,Not applicable,_Z,Not applicable,CARE,Caring personnel,_Z,Not applicable,P,Practicing,_Z,Not applicable,2019,,7.03,,,,E,Estimated value,,,,,,,,,,
DATAFLOW,OECD.ELS.HD:DSD_HEALTH_REAC_EMP@DF_CARE(1.1),Caring personnel (personal care workers),I,MLT,Malta,HSE,Health and social employment,10P3HB,Per 1 000 inhabitants,_Z,Not applicable,_Z,Not applicable,CARE,Caring personnel,_Z,Not applicable,P,Practicing,_Z,Not applicable,2020,,8.17,,,,E,Estimated value,,,,,,,,,,
DATAFLOW,OECD.ELS.HD:DSD_HEALTH_REAC_EMP@DF_CARE(1.1),Caring personnel (personal care workers),I,MLT,Malta,HSE,Health and social employment,PS,Persons,_Z,Not applicable,_Z,Not applicable,CARE,Caring personnel,_Z,Not applicable,P,Practicing,_Z,Not applicable,2020,,4213,,,,E,Estimated value,,,,,,,,,,
DATAFLOW,OECD.ELS.HD:DSD_HEALTH_REAC_EMP@DF_CARE(1.1),Caring personnel (personal care workers),I,MLT,Malta,HSE,Health and social employment,PS,Persons,_Z,Not applicable,_Z,Not applicable,CARE,Caring personnel,_Z,Not applicable,P,Practicing,_Z,Not applicable,2021,,5270,,,,E,Estimated value,,,,,,,,,,
DATAFLOW,OECD.ELS.HD:DSD_HEALTH_REAC_EMP@DF_CARE(1.1),Caring personnel (personal care workers),I,MLT,Malta,HSE,Health and social employment,10P3HB,Per 1 000 inhabitants,_Z,Not applicable,_Z,Not applicable,CARE,Caring personnel,_Z,Not applicable,P,Practicing,_Z,Not applicable,2021,,10.17,,,,E,Estimated value,,,,,,,,,,
DATAFLOW,OECD.ELS.HD:DSD_HEALTH_REAC_EMP@DF_CARE(1.1),Caring personnel (personal care workers),I,MLT,Malta,HSE,Health and social employment,10P3HB,Per 1 000 inhabitants,_Z,Not applicable,_Z,Not applicable,CARE,Caring personnel,_Z,Not applicable,P,Practicing,_Z,Not applicable,2022,,9.95,,,,E,Estimated value,,,,,,,,,,
DATAFLOW,OECD.ELS.HD:DSD_HEALTH_REAC_EMP@DF_CARE(1.1),Caring personnel (personal care workers),I,MLT,Malta,HSE,Health and social employment,PS,Persons,_Z,Not applicable,_Z,Not applicable,CARE,Caring personnel,_Z,Not applicable,P,Practicing,_Z,Not applicable,2022,,5286,,,,E,Estimated value,,,,,,,,,,
DATAFLOW,OECD.ELS.HD:DSD_HEALTH_REAC_EMP@DF_CARE(1.1),Caring personnel (personal care workers),I,MLT,Malta,HSE,Health and social employment,PS,Persons,_Z,Not applicable,_Z,Not applicable,CARE,Caring personnel,_Z,Not applicable,P,Practicing,_Z,Not applicable,2023,,5908,,,,E,Estimated value,,,,,,,,,,
DATAFLOW,OECD.ELS.HD:DSD_HEALTH_REAC_EMP@DF_CARE(1.1),Caring personnel (personal care workers),I,MLT,Malta,HSE,Health and social employment,10P3HB,Per 1 000 inhabitants,_Z,Not applicable,_Z,Not applicable,CARE,Caring personnel,_Z,Not applicable,P,Practicing,_Z,Not applicable,2023,,10.69,,,,E,Estimated value,,,,,,,,,,
DATAFLOW,OECD.ELS.HD:DSD_HEALTH_REAC_EMP@DF_CARE(1.1),Caring personnel (personal care workers),I,MLT,Malta,HSE,Health and social employment,10P3HB,Per 1 000 inhabitants,_Z,Not applicable,_Z,Not applicable,CARE,Caring personnel,_Z,Not applicable,P,Practicing,_Z,Not applicable,2024,,11.3,,,,E,Estimated value,,,,,,,,,,
DATAFLOW,OECD.ELS.HD:DSD_HEALTH_REAC_EMP@DF_CARE(1.1),Caring personnel (personal care workers),I,MLT,Malta,HSE,Health and social employment,PS,Persons,_Z,Not applicable,_Z,Not applicable,CARE,Caring personnel,_Z,Not applicable,P,Practicing,_Z,Not applicable,2024,,6426,,,,E,Estimated value,,,,,,,,,,
DATAFLOW,OECD.ELS.HD:DSD_HEALTH_REAC_EMP@DF_CARE(1.1),Caring personnel (personal care workers),I,AUT,Austria,HSE,Health and social employment,10P3HB,Per 1 000 inhabitants,_Z,Not applicable,_Z,Not applicable,CARE,Caring personnel,_Z,Not applicable,P,Practicing,_Z,Not applicable,2015,,1.25,,,,D,Definition differs,,,,,,,,,,
DATAFLOW,OECD.ELS.HD:DSD_HEALTH_REAC_EMP@DF_CARE(1.1),Caring personnel (personal care workers),I,AUT,Austria,HSE,Health and social employment,PS,Persons,_Z,Not applicable,_Z,Not applicable,CARE,Caring personnel,_Z,Not applicable,P,Practicing,_Z,Not applicable,2015,,10784,,,,D,Definition differs,,,,,,,,,,
DATAFLOW,OECD.ELS.HD:DSD_HEALTH_REAC_EMP@DF_CARE(1.1),Caring personnel (personal care workers),I,AUT,Austria,HSE,Health and social employment,PS,Persons,_Z,Not applicable,_Z,Not applicable,CARE,Caring personnel,_Z,Not applicable,P,Practicing,_Z,Not applicable,2016,,10603,,,,D,Definition differs,,,,,,,,,,
DATAFLOW,OECD.ELS.HD:DSD_HEALTH_REAC_EMP@DF_CARE(1.1),Caring personnel (personal care workers),I,AUT,Austria,HSE,Health and social employment,10P3HB,Per 1 000 inhabitants,_Z,Not applicable,_Z,Not applicable,CARE,Caring personnel,_Z,Not applicable,P,Practicing,_Z,Not applicable,2016,,1.21,,,,D,Definition differs,,,,,,,,,,
DATAFLOW,OECD.ELS.HD:DSD_HEALTH_REAC_EMP@DF_CARE(1.1),Caring personnel (personal care workers),I,AUT,Austria,HSE,Health and social employment,10P3HB,Per 1 000 inhabitants,_Z,Not applicable,_Z,Not applicable,CARE,Caring personnel,_Z,Not applicable,P,Practicing,_Z,Not applicable,2017,,1.21,,,,D,Definition differs,,,,,,,,,,
DATAFLOW,OECD.ELS.HD:DSD_HEALTH_REAC_EMP@DF_CARE(1.1),Caring personnel (personal care workers),I,AUT,Austria,HSE,Health and social employment,PS,Persons,_Z,Not applicable,_Z,Not applicable,CARE,Caring personnel,_Z,Not applicable,P,Practicing,_Z,Not applicable,2017,,10641,,,,D,Definition differs,,,,,,,,,,
DATAFLOW,OECD.ELS.HD:DSD_HEALTH_REAC_EMP@DF_CARE(1.1),Caring personnel (personal care workers),I,AUT,Austria,HSE,Health and social employment,PS,Persons,_Z,Not applicable,_Z,Not applicable,CARE,Caring personnel,_Z,Not applicable,P,Practicing,_Z,Not applicable,2018,,10379,,,,D,Definition differs,,,,,,,,,,
DATAFLOW,OECD.ELS.HD:DSD_HEALTH_REAC_EMP@DF_CARE(1.1),Caring personnel (personal care workers),I,AUT,Austria,HSE,Health and social employment,10P3HB,Per 1 000 inhabitants,_Z,Not applicable,_Z,Not applicable,CARE,Caring personnel,_Z,Not applicable,P,Practicing,_Z,Not applicable,2018,,1.17,,,,D,Definition differs,,,,,,,,,,
DATAFLOW,OECD.ELS.HD:DSD_HEALTH_REAC_EMP@DF_CARE(1.1),Caring personnel (personal care workers),I,GRC,Greece,HSE,Health and social employment,PS,Persons,_Z,Not applicable,_Z,Not applicable,CARE,Caring personnel,_Z,Not applicable,P,Practicing,_Z,Not applicable,2015,,5988,,,,D,Definition differs,,,,,,,,,,
DATAFLOW,OECD.ELS.HD:DSD_HEALTH_REAC_EMP@DF_CARE(1.1),Caring personnel (personal care workers),I,GRC,Greece,HSE,Health and social employment,10P3HB,Per 1 000 inhabitants,_Z,Not applicable,_Z,Not applicable,CARE,Caring personnel,_Z,Not applicable,P,Practicing,_Z,Not applicable,2015,,0.56,,,,D,Definition differs,,,,,,,,,,
DATAFLOW,OECD.ELS.HD:DSD_HEALTH_REAC_EMP@DF_CARE(1.1),Caring personnel (personal care workers),I,GRC,Greece,HSE,Health and social employment,10P3HB,Per 1 000 inhabitants,_Z,Not applicable,_Z,Not applicable,CARE,Caring personnel,_Z,Not applicable,P,Practicing,_Z,Not applicable,2016,,0.54,,,,D,Definition differs,,,,,,,,,,
DATAFLOW,OECD.ELS.HD:DSD_HEALTH_REAC_EMP@DF_CARE(1.1),Caring personnel (personal care workers),I,GRC,Greece,HSE,Health and social employment,PS,Persons,_Z,Not applicable,_Z,Not applicable,CARE,Caring personnel,_Z,Not applicable,P,Practicing,_Z,Not applicable,2016,,5827,,,,D,Definition differs,,,,,,,,,,
DATAFLOW,OECD.ELS.HD:DSD_HEALTH_REAC_EMP@DF_CARE(1.1),Caring personnel (personal care workers),I,GRC,Greece,HSE,Health and social employment,PS,Persons,_Z,Not applicable,_Z,Not applicable,CARE,Caring personnel,_Z,Not applicable,P,Practicing,_Z,Not applicable,2017,,5775,,,,D,Definition differs,,,,,,,,,,
DATAFLOW,OECD.ELS.HD:DSD_HEALTH_REAC_EMP@DF_CARE(1.1),Caring personnel (personal care workers),I,GRC,Greece,HSE,Health and social employment,10P3HB,Per 1 000 inhabitants,_Z,Not applicable,_Z,Not applicable,CARE,Caring personnel,_Z,Not applicable,P,Practicing,_Z,Not applicable,2017,,0.54,,,,D,Definition differs,,,,,,,,,,
DATAFLOW,OECD.ELS.HD:DSD_HEALTH_REAC_EMP@DF_CARE(1.1),Caring personnel (personal care workers),I,GRC,Greece,HSE,Health and social employment,10P3HB,Per 1 000 inhabitants,_Z,Not applicable,_Z,Not applicable,CARE,Caring personnel,_Z,Not applicable,P,Practicing,_Z,Not applicable,2018,,0.57,,,,D,Definition differs,,,,,,,,,,
DATAFLOW,OECD.ELS.HD:DSD_HEALTH_REAC_EMP@DF_CARE(1.1),Caring personnel (personal care workers),I,GRC,Greece,HSE,Health and social employment,PS,Persons,_Z,Not applicable,_Z,Not applicable,CARE,Caring personnel,_Z,Not applicable,P,Practicing,_Z,Not applicable,2018,,6044,,,,D,Definition differs,,,,,,,,,,
DATAFLOW,OECD.ELS.HD:DSD_HEALTH_REAC_EMP@DF_CARE(1.1),Caring personnel (personal care workers),I,GRC,Greece,HSE,Health and social employment,PS,Persons,_Z,Not applicable,_Z,Not applicable,CARE,Caring personnel,_Z,Not applicable,P,Practicing,_Z,Not applicable,2019,,5897,,,,D,Definition differs,,,,,,,,,,
DATAFLOW,OECD.ELS.HD:DSD_HEALTH_REAC_EMP@DF_CARE(1.1),Caring personnel (personal care workers),I,GRC,Greece,HSE,Health and social employment,10P3HB,Per 1 000 inhabitants,_Z,Not applicable,_Z,Not applicable,CARE,Caring personnel,_Z,Not applicable,P,Practicing,_Z,Not applicable,2019,,0.56,,,,D,Definition differs,,,,,,,,,,
DATAFLOW,OECD.ELS.HD:DSD_HEALTH_REAC_EMP@DF_CARE(1.1),Caring personnel (personal care workers),I,GRC,Greece,HSE,Health and social employment,10P3HB,Per 1 000 inhabitants,_Z,Not applicable,_Z,Not applicable,CARE,Caring personnel,_Z,Not applicable,P,Practicing,_Z,Not applicable,2020,,0.6,,,,D,Definition differs,,,,,,,,,,
DATAFLOW,OECD.ELS.HD:DSD_HEALTH_REAC_EMP@DF_CARE(1.1),Caring personnel (personal care workers),I,GRC,Greece,HSE,Health and social employment,PS,Persons,_Z,Not applicable,_Z,Not applicable,CARE,Caring personnel,_Z,Not applicable,P,Practicing,_Z,Not applicable,2020,,6369,,,,D,Definition differs,,,,,,,,,,
DATAFLOW,OECD.ELS.HD:DSD_HEALTH_REAC_EMP@DF_CARE(1.1),Caring personnel (personal care workers),I,GRC,Greece,HSE,Health and social employment,PS,Persons,_Z,Not applicable,_Z,Not applicable,CARE,Caring personnel,_Z,Not applicable,P,Practicing,_Z,Not applicable,2021,,6551,,,,D,Definition differs,,,,,,,,,,
DATAFLOW,OECD.ELS.HD:DSD_HEALTH_REAC_EMP@DF_CARE(1.1),Caring personnel (personal care workers),I,GRC,Greece,HSE,Health and social employment,10P3HB,Per 1 000 inhabitants,_Z,Not applicable,_Z,Not applicable,CARE,Caring personnel,_Z,Not applicable,P,Practicing,_Z,Not applicable,2021,,0.62,,,,D,Definition differs,,,,,,,,,,
DATAFLOW,OECD.ELS.HD:DSD_HEALTH_REAC_EMP@DF_CARE(1.1),Caring personnel (personal care workers),I,GRC,Greece,HSE,Health and social employment,10P3HB,Per 1 000 inhabitants,_Z,Not applicable,_Z,Not applicable,CARE,Caring personnel,_Z,Not applicable,P,Practicing,_Z,Not applicable,2022,,0.64,,,,D,Definition differs,,,,,,,,,,
DATAFLOW,OECD.ELS.HD:DSD_HEALTH_REAC_EMP@DF_CARE(1.1),Caring personnel (personal care workers),I,GRC,Greece,HSE,Health and social employment,PS,Persons,_Z,Not applicable,_Z,Not applicable,CARE,Caring personnel,_Z,Not applicable,P,Practicing,_Z,Not applicable,2022,,6712,,,,D,Definition differs,,,,,,,,,,
DATAFLOW,OECD.ELS.HD:DSD_HEALTH_REAC_EMP@DF_CARE(1.1),Caring personnel (personal care workers),I,GRC,Greece,HSE,Health and social employment,PS,Persons,_Z,Not applicable,_Z,Not applicable,CARE,Caring personnel,_Z,Not applicable,P,Practicing,_Z,Not applicable,2023,,6450,,,,D,Definition differs,,,,,,,,,,
DATAFLOW,OECD.ELS.HD:DSD_HEALTH_REAC_EMP@DF_CARE(1.1),Caring personnel (personal care workers),I,GRC,Greece,HSE,Health and social employment,10P3HB,Per 1 000 inhabitants,_Z,Not applicable,_Z,Not applicable,CARE,Caring personnel,_Z,Not applicable,P,Practicing,_Z,Not applicable,2023,,0.62,,,,D,Definition differs,,,,,,,,,,
DATAFLOW,OECD.ELS.HD:DSD_HEALTH_REAC_EMP@DF_CARE(1.1),Caring personnel (personal care workers),I,GRC,Greece,HSE,Health and social employment,10P3HB,Per 1 000 inhabitants,_Z,Not applicable,_Z,Not applicable,CARE,Caring personnel,_Z,Not applicable,P,Practicing,_Z,Not applicable,2024,,0.62,,,,D,Definition differs,,,,,,,,,,
DATAFLOW,OECD.ELS.HD:DSD_HEALTH_REAC_EMP@DF_CARE(1.1),Caring personnel (personal care workers),I,GRC,Greece,HSE,Health and social employment,PS,Persons,_Z,Not applicable,_Z,Not applicable,CARE,Caring personnel,_Z,Not applicable,P,Practicing,_Z,Not applicable,2024,,6416,,,,D,Definition differs,,,,,,,,,,
DATAFLOW,OECD.ELS.HD:DSD_HEALTH_REAC_EMP@DF_CARE(1.1),Caring personnel (personal care workers),I,HUN,Hungary,HSE,Health and social employment,10P3HB,Per 1 000 inhabitants,_Z,Not applicable,_Z,Not applicable,CARE,Caring personnel,_Z,Not applicable,P,Practicing,_Z,Not applicable,2015,,2.82,,,,D,Definition differs,,,,,,,,,,
DATAFLOW,OECD.ELS.HD:DSD_HEALTH_REAC_EMP@DF_CARE(1.1),Caring personnel (personal care workers),I,HUN,Hungary,HSE,Health and social employment,PS,Persons,_Z,Not applicable,_Z,Not applicable,CARE,Caring personnel,_Z,Not applicable,P,Practicing,_Z,Not applicable,2015,,27644,,,,D,Definition differs,,,,,,,,,,
DATAFLOW,OECD.ELS.HD:DSD_HEALTH_REAC_EMP@DF_CARE(1.1),Caring personnel (personal care workers),I,HUN,Hungary,HSE,Health and social employment,PS,Persons,_Z,Not applicable,_Z,Not applicable,CARE,Caring personnel,_Z,Not applicable,P,Practicing,_Z,Not applicable,2016,,27247,,,,D,Definition differs,,,,,,,,,,
DATAFLOW,OECD.ELS.HD:DSD_HEALTH_REAC_EMP@DF_CARE(1.1),Caring personnel (personal care workers),I,HUN,Hungary,HSE,Health and social employment,10P3HB,Per 1 000 inhabitants,_Z,Not applicable,_Z,Not applicable,CARE,Caring personnel,_Z,Not applicable,P,Practicing,_Z,Not applicable,2016,,2.79,,,,D,Definition differs,,,,,,,,,,
DATAFLOW,OECD.ELS.HD:DSD_HEALTH_REAC_EMP@DF_CARE(1.1),Caring personnel (personal care workers),I,HUN,Hungary,HSE,Health and social employment,10P3HB,Per 1 000 inhabitants,_Z,Not applicable,_Z,Not applicable,CARE,Caring personnel,_Z,Not applicable,P,Practicing,_Z,Not applicable,2017,,2.77,,,,D,Definition differs,,,,,,,,,,
DATAFLOW,OECD.ELS.HD:DSD_HEALTH_REAC_EMP@DF_CARE(1.1),Caring personnel (personal care workers),I,HUN,Hungary,HSE,Health and social employment,PS,Persons,_Z,Not applicable,_Z,Not applicable,CARE,Caring personnel,_Z,Not applicable,P,Practicing,_Z,Not applicable,2017,,26982,,,,D,Definition differs,,,,,,,,,,
DATAFLOW,OECD.ELS.HD:DSD_HEALTH_REAC_EMP@DF_CARE(1.1),Caring personnel (personal care workers),I,HUN,Hungary,HSE,Health and social employment,PS,Persons,_Z,Not applicable,_Z,Not applicable,CARE,Caring personnel,_Z,Not applicable,P,Practicing,_Z,Not applicable,2018,,27569,,,,D,Definition differs,,,,,,,,,,
DATAFLOW,OECD.ELS.HD:DSD_HEALTH_REAC_EMP@DF_CARE(1.1),Caring personnel (personal care workers),I,HUN,Hungary,HSE,Health and social employment,10P3HB,Per 1 000 inhabitants,_Z,Not applicable,_Z,Not applicable,CARE,Caring personnel,_Z,Not applicable,P,Practicing,_Z,Not applicable,2018,,2.84,,,,D,Definition differs,,,,,,,,,,
DATAFLOW,OECD.ELS.HD:DSD_HEALTH_REAC_EMP@DF_CARE(1.1),Caring personnel (personal care workers),I,HUN,Hungary,HSE,Health and social employment,10P3HB,Per 1 000 inhabitants,_Z,Not applicable,_Z,Not applicable,CARE,Caring personnel,_Z,Not applicable,P,Practicing,_Z,Not applicable,2019,,2.91,,,,D,Definition differs,,,,,,,,,,
DATAFLOW,OECD.ELS.HD:DSD_HEALTH_REAC_EMP@DF_CARE(1.1),Caring personnel (personal care workers),I,HUN,Hungary,HSE,Health and social employment,PS,Persons,_Z,Not applicable,_Z,Not applicable,CARE,Caring personnel,_Z,Not applicable,P,Practicing,_Z,Not applicable,2019,,28228,,,,D,Definition differs,,,,,,,,,,
DATAFLOW,OECD.ELS.HD:DSD_HEALTH_REAC_EMP@DF_CARE(1.1),Caring personnel (personal care workers),I,HUN,Hungary,HSE,Health and social employment,PS,Persons,_Z,Not applicable,_Z,Not applicable,CARE,Caring personnel,_Z,Not applicable,P,Practicing,_Z,Not applicable,2020,,27291,,,,D,Definition differs,,,,,,,,,,
DATAFLOW,OECD.ELS.HD:DSD_HEALTH_REAC_EMP@DF_CARE(1.1),Caring personnel (personal care workers),I,HUN,Hungary,HSE,Health and social employment,10P3HB,Per 1 000 inhabitants,_Z,Not applicable,_Z,Not applicable,CARE,Caring personnel,_Z,Not applicable,P,Practicing,_Z,Not applicable,2020,,2.82,,,,D,Definition differs,,,,,,,,,,
DATAFLOW,OECD.ELS.HD:DSD_HEALTH_REAC_EMP@DF_CARE(1.1),Caring personnel (personal care workers),I,HUN,Hungary,HSE,Health and social employment,10P3HB,Per 1 000 inhabitants,_Z,Not applicable,_Z,Not applicable,CARE,Caring personnel,_Z,Not applicable,P,Practicing,_Z,Not applicable,2021,,2.81,,,,D,Definition differs,,,,,,,,,,
DATAFLOW,OECD.ELS.HD:DSD_HEALTH_REAC_EMP@DF_CARE(1.1),Caring personnel (personal care workers),I,HUN,Hungary,HSE,Health and social employment,PS,Persons,_Z,Not applicable,_Z,Not applicable,CARE,Caring personnel,_Z,Not applicable,P,Practicing,_Z,Not applicable,2021,,27045,,,,D,Definition differs,,,,,,,,,,
DATAFLOW,OECD.ELS.HD:DSD_HEALTH_REAC_EMP@DF_CARE(1.1),Caring personnel (personal care workers),I,HUN,Hungary,HSE,Health and social employment,PS,Persons,_Z,Not applicable,_Z,Not applicable,CARE,Caring personnel,_Z,Not applicable,P,Practicing,_Z,Not applicable,2022,,27895,,,,D,Definition differs,,,,,,,,,,
DATAFLOW,OECD.ELS.HD:DSD_HEALTH_REAC_EMP@DF_CARE(1.1),Caring personnel (personal care workers),I,HUN,Hungary,HSE,Health and social employment,10P3HB,Per 1 000 inhabitants,_Z,Not applicable,_Z,Not applicable,CARE,Caring personnel,_Z,Not applicable,P,Practicing,_Z,Not applicable,2022,,2.89,,,,D,Definition differs,,,,,,,,,,
DATAFLOW,OECD.ELS.HD:DSD_HEALTH_REAC_EMP@DF_CARE(1.1),Caring personnel (personal care workers),I,HUN,Hungary,HSE,Health and social employment,10P3HB,Per 1 000 inhabitants,_Z,Not applicable,_Z,Not applicable,CARE,Caring personnel,_Z,Not applicable,P,Practicing,_Z,Not applicable,2023,,2.85,,,,D,Definition differs,,,,,,,,,,
DATAFLOW,OECD.ELS.HD:DSD_HEALTH_REAC_EMP@DF_CARE(1.1),Caring personnel (personal care workers),I,HUN,Hungary,HSE,Health and social employment,PS,Persons,_Z,Not applicable,_Z,Not applicable,CARE,Caring personnel,_Z,Not applicable,P,Practicing,_Z,Not applicable,2023,,27321,,,,D,Definition differs,,,,,,,,,,
DATAFLOW,OECD.ELS.HD:DSD_HEALTH_REAC_EMP@DF_CARE(1.1),Caring personnel (personal care workers),I,HUN,Hungary,HSE,Health and social employment,PS,Persons,_Z,Not applicable,_Z,Not applicable,CARE,Caring personnel,_Z,Not applicable,P,Practicing,_Z,Not applicable,2024,,27849,,,,D,Definition differs,,,,,,,,,,
DATAFLOW,OECD.ELS.HD:DSD_HEALTH_REAC_EMP@DF_CARE(1.1),Caring personnel (personal care workers),I,HUN,Hungary,HSE,Health and social employment,10P3HB,Per 1 000 inhabitants,_Z,Not applicable,_Z,Not applicable,CARE,Caring personnel,_Z,Not applicable,P,Practicing,_Z,Not applicable,2024,,2.91,,,,D,Definition differs,,,,,,,,,,
DATAFLOW,OECD.ELS.HD:DSD_HEALTH_REAC_EMP@DF_CARE(1.1),Caring personnel (personal care workers),I,SRB,Serbia,HSE,Health and social employment,PS,Persons,_Z,Not applicable,_Z,Not applicable,CARE,Caring personnel,_Z,Not applicable,P,Practicing,_Z,Not applicable,2020,,95,,,,D,Definition differs,,,,,,,,,,
DATAFLOW,OECD.ELS.HD:DSD_HEALTH_REAC_EMP@DF_CARE(1.1),Caring personnel (personal care workers),I,SRB,Serbia,HSE,Health and social employment,10P3HB,Per 1 000 inhabitants,_Z,Not applicable,_Z,Not applicable,CARE,Caring personnel,_Z,Not applicable,P,Practicing,_Z,Not applicable,2020,,0.01,,,,D,Definition differs,,,,,,,,,,
DATAFLOW,OECD.ELS.HD:DSD_HEALTH_REAC_EMP@DF_CARE(1.1),Caring personnel (personal care workers),I,SRB,Serbia,HSE,Health and social employment,10P3HB,Per 1 000 inhabitants,_Z,Not applicable,_Z,Not applicable,CARE,Caring personnel,_Z,Not applicable,P,Practicing,_Z,Not applicable,2021,,0.01,,,,D,Definition differs,,,,,,,,,,
DATAFLOW,OECD.ELS.HD:DSD_HEALTH_REAC_EMP@DF_CARE(1.1),Caring personnel (personal care workers),I,SRB,Serbia,HSE,Health and social employment,PS,Persons,_Z,Not applicable,_Z,Not applicable,CARE,Caring personnel,_Z,Not applicable,P,Practicing,_Z,Not applicable,2021,,98,,,,D,Definition differs,,,,,,,,,,
DATAFLOW,OECD.ELS.HD:DSD_HEALTH_REAC_EMP@DF_CARE(1.1),Caring personnel (personal care workers),I,SRB,Serbia,HSE,Health and social employment,PS,Persons,_Z,Not applicable,_Z,Not applicable,CARE,Caring personnel,_Z,Not applicable,P,Practicing,_Z,Not applicable,2022,,97,,,,D,Definition differs,,,,,,,,,,
DATAFLOW,OECD.ELS.HD:DSD_HEALTH_REAC_EMP@DF_CARE(1.1),Caring personnel (personal care workers),I,SRB,Serbia,HSE,Health and social employment,10P3HB,Per 1 000 inhabitants,_Z,Not applicable,_Z,Not applicable,CARE,Caring personnel,_Z,Not applicable,P,Practicing,_Z,Not applicable,2022,,0.01,,,,D,Definition differs,,,,,,,,,,
DATAFLOW,OECD.ELS.HD:DSD_HEALTH_REAC_EMP@DF_CARE(1.1),Caring personnel (personal care workers),I,SRB,Serbia,HSE,Health and social employment,10P3HB,Per 1 000 inhabitants,_Z,Not applicable,_Z,Not applicable,CARE,Caring personnel,_Z,Not applicable,P,Practicing,_Z,Not applicable,2023,,0.02,,,,D,Definition differs,,,,,,,,,,
DATAFLOW,OECD.ELS.HD:DSD_HEALTH_REAC_EMP@DF_CARE(1.1),Caring personnel (personal care workers),I,SRB,Serbia,HSE,Health and social employment,PS,Persons,_Z,Not applicable,_Z,Not applicable,CARE,Caring personnel,_Z,Not applicable,P,Practicing,_Z,Not applicable,2023,,105,,,,D,Definition differs,,,,,,,,,,
DATAFLOW,OECD.ELS.HD:DSD_HEALTH_REAC_EMP@DF_CARE(1.1),Caring personnel (personal care workers),I,SRB,Serbia,HSE,Health and social employment,PS,Persons,_Z,Not applicable,_Z,Not applicable,CARE,Caring personnel,_Z,Not applicable,P,Practicing,_Z,Not applicable,2024,,105,,,,D,Definition differs,,,,,,,,,,
DATAFLOW,OECD.ELS.HD:DSD_HEALTH_REAC_EMP@DF_CARE(1.1),Caring personnel (personal care workers),I,SRB,Serbia,HSE,Health and social employment,10P3HB,Per 1 000 inhabitants,_Z,Not applicable,_Z,Not applicable,CARE,Caring personnel,_Z,Not applicable,P,Practicing,_Z,Not applicable,2024,,0.02,,,,D,Definition differs,,,,,,,,,,
DATAFLOW,OECD.ELS.HD:DSD_HEALTH_REAC_EMP@DF_CARE(1.1),Caring personnel (personal care workers),I,ROU,Romania,HSE,Health and social employment,PS,Persons,_Z,Not applicable,_Z,Not applicable,CARE,Caring personnel,_Z,Not applicable,P,Practicing,_Z,Not applicable,2015,,62687,,,,D,Definition differs,,,,,,,,,,
DATAFLOW,OECD.ELS.HD:DSD_HEALTH_REAC_EMP@DF_CARE(1.1),Caring personnel (personal care workers),I,ROU,Romania,HSE,Health and social employment,10P3HB,Per 1 000 inhabitants,_Z,Not applicable,_Z,Not applicable,CARE,Caring personnel,_Z,Not applicable,P,Practicing,_Z,Not applicable,2015,,3.16,,,,D,Definition differs,,,,,,,,,,
DATAFLOW,OECD.ELS.HD:DSD_HEALTH_REAC_EMP@DF_CARE(1.1),Caring personnel (personal care workers),I,ROU,Romania,HSE,Health and social employment,10P3HB,Per 1 000 inhabitants,_Z,Not applicable,_Z,Not applicable,CARE,Caring personnel,_Z,Not applicable,P,Practicing,_Z,Not applicable,2016,,3.35,,,,D,Definition differs,,,,,,,,,,
DATAFLOW,OECD.ELS.HD:DSD_HEALTH_REAC_EMP@DF_CARE(1.1),Caring personnel (personal care workers),I,ROU,Romania,HSE,Health and social employment,PS,Persons,_Z,Not applicable,_Z,Not applicable,CARE,Caring personnel,_Z,Not applicable,P,Practicing,_Z,Not applicable,2016,,66093,,,,D,Definition differs,,,,,,,,,,
DATAFLOW,OECD.ELS.HD:DSD_HEALTH_REAC_EMP@DF_CARE(1.1),Caring personnel (personal care workers),I,ROU,Romania,HSE,Health and social employment,PS,Persons,_Z,Not applicable,_Z,Not applicable,CARE,Caring personnel,_Z,Not applicable,P,Practicing,_Z,Not applicable,2017,,69184,,,,D,Definition differs,,,,,,,,,,
DATAFLOW,OECD.ELS.HD:DSD_HEALTH_REAC_EMP@DF_CARE(1.1),Caring personnel (personal care workers),I,ROU,Romania,HSE,Health and social employment,10P3HB,Per 1 000 inhabitants,_Z,Not applicable,_Z,Not applicable,CARE,Caring personnel,_Z,Not applicable,P,Practicing,_Z,Not applicable,2017,,3.53,,,,D,Definition differs,,,,,,,,,,
DATAFLOW,OECD.ELS.HD:DSD_HEALTH_REAC_EMP@DF_CARE(1.1),Caring personnel (personal care workers),I,ROU,Romania,HSE,Health and social employment,10P3HB,Per 1 000 inhabitants,_Z,Not applicable,_Z,Not applicable,CARE,Caring personnel,_Z,Not applicable,P,Practicing,_Z,Not applicable,2018,,3.6,,,,D,Definition differs,,,,,,,,,,
DATAFLOW,OECD.ELS.HD:DSD_HEALTH_REAC_EMP@DF_CARE(1.1),Caring personnel (personal care workers),I,ROU,Romania,HSE,Health and social employment,PS,Persons,_Z,Not applicable,_Z,Not applicable,CARE,Caring personnel,_Z,Not applicable,P,Practicing,_Z,Not applicable,2018,,70081,,,,D,Definition differs,,,,,,,,,,
DATAFLOW,OECD.ELS.HD:DSD_HEALTH_REAC_EMP@DF_CARE(1.1),Caring personnel (personal care workers),I,ROU,Romania,HSE,Health and social employment,PS,Persons,_Z,Not applicable,_Z,Not applicable,CARE,Caring personnel,_Z,Not applicable,P,Practicing,_Z,Not applicable,2019,,72163,,,,D,Definition differs,,,,,,,,,,
DATAFLOW,OECD.ELS.HD:DSD_HEALTH_REAC_EMP@DF_CARE(1.1),Caring personnel (personal care workers),I,ROU,Romania,HSE,Health and social employment,10P3HB,Per 1 000 inhabitants,_Z,Not applicable,_Z,Not applicable,CARE,Caring personnel,_Z,Not applicable,P,Practicing,_Z,Not applicable,2019,,3.73,,,,D,Definition differs,,,,,,,,,,
DATAFLOW,OECD.ELS.HD:DSD_HEALTH_REAC_EMP@DF_CARE(1.1),Caring personnel (personal care workers),I,ROU,Romania,HSE,Health and social employment,10P3HB,Per 1 000 inhabitants,_Z,Not applicable,_Z,Not applicable,CARE,Caring personnel,_Z,Not applicable,P,Practicing,_Z,Not applicable,2020,,3.82,,,,D,Definition differs,,,,,,,,,,
DATAFLOW,OECD.ELS.HD:DSD_HEALTH_REAC_EMP@DF_CARE(1.1),Caring personnel (personal care workers),I,ROU,Romania,HSE,Health and social employment,PS,Persons,_Z,Not applicable,_Z,Not applicable,CARE,Caring personnel,_Z,Not applicable,P,Practicing,_Z,Not applicable,2020,,73653,,,,D,Definition differs,,,,,,,,,,
DATAFLOW,OECD.ELS.HD:DSD_HEALTH_REAC_EMP@DF_CARE(1.1),Caring personnel (personal care workers),I,ROU,Romania,HSE,Health and social employment,PS,Persons,_Z,Not applicable,_Z,Not applicable,CARE,Caring personnel,_Z,Not applicable,P,Practicing,_Z,Not applicable,2021,,75834,,,,D,Definition differs,,,,,,,,,,
DATAFLOW,OECD.ELS.HD:DSD_HEALTH_REAC_EMP@DF_CARE(1.1),Caring personnel (personal care workers),I,ROU,Romania,HSE,Health and social employment,10P3HB,Per 1 000 inhabitants,_Z,Not applicable,_Z,Not applicable,CARE,Caring personnel,_Z,Not applicable,P,Practicing,_Z,Not applicable,2021,,3.97,,,,D,Definition differs,,,,,,,,,,
DATAFLOW,OECD.ELS.HD:DSD_HEALTH_REAC_EMP@DF_CARE(1.1),Caring personnel (personal care workers),I,ROU,Romania,HSE,Health and social employment,10P3HB,Per 1 000 inhabitants,_Z,Not applicable,_Z,Not applicable,CARE,Caring personnel,_Z,Not applicable,P,Practicing,_Z,Not applicable,2022,,4.01,,,,D,Definition differs,,,,,,,,,,
DATAFLOW,OECD.ELS.HD:DSD_HEALTH_REAC_EMP@DF_CARE(1.1),Caring personnel (personal care workers),I,ROU,Romania,HSE,Health and social employment,PS,Persons,_Z,Not applicable,_Z,Not applicable,CARE,Caring personnel,_Z,Not applicable,P,Practicing,_Z,Not applicable,2022,,76385,,,,D,Definition differs,,,,,,,,,,
DATAFLOW,OECD.ELS.HD:DSD_HEALTH_REAC_EMP@DF_CARE(1.1),Caring personnel (personal care workers),I,ROU,Romania,HSE,Health and social employment,PS,Persons,_Z,Not applicable,_Z,Not applicable,CARE,Caring personnel,_Z,Not applicable,P,Practicing,_Z,Not applicable,2023,,76078,,,,D,Definition differs,,,,,,,,,,
DATAFLOW,OECD.ELS.HD:DSD_HEALTH_REAC_EMP@DF_CARE(1.1),Caring personnel (personal care workers),I,ROU,Romania,HSE,Health and social employment,10P3HB,Per 1 000 inhabitants,_Z,Not applicable,_Z,Not applicable,CARE,Caring personnel,_Z,Not applicable,P,Practicing,_Z,Not applicable,2023,,3.99,,,,D,Definition differs,,,,,,,,,,
DATAFLOW,OECD.ELS.HD:DSD_HEALTH_REAC_EMP@DF_CARE(1.1),Caring personnel (personal care workers),I,ROU,Romania,HSE,Health and social employment,10P3HB,Per 1 000 inhabitants,_Z,Not applicable,_Z,Not applicable,CARE,Caring personnel,_Z,Not applicable,P,Practicing,_Z,Not applicable,2024,,4.06,,,,D,Definition differs,,,,,,,,,,
DATAFLOW,OECD.ELS.HD:DSD_HEALTH_REAC_EMP@DF_CARE(1.1),Caring personnel (personal care workers),I,ROU,Romania,HSE,Health and social employment,PS,Persons,_Z,Not applicable,_Z,Not applicable,CARE,Caring personnel,_Z,Not applicable,P,Practicing,_Z,Not applicable,2024,,77293,,,,D,Definition differs,,,,,,,,,,
DATAFLOW,OECD.ELS.HD:DSD_HEALTH_REAC_EMP@DF_CARE(1.1),Caring personnel (personal care workers),I,CZE,Czechia,HSE,Health and social employment,PS,Persons,_Z,Not applicable,_Z,Not applicable,CARE,Caring personnel,_Z,Not applicable,P,Practicing,_Z,Not applicable,2017,,23758,,,,B,Time series break,,,,,,,,,,
DATAFLOW,OECD.ELS.HD:DSD_HEALTH_REAC_EMP@DF_CARE(1.1),Caring personnel (personal care workers),I,CZE,Czechia,HSE,Health and social employment,10P3HB,Per 1 000 inhabitants,_Z,Not applicable,_Z,Not applicable,CARE,Caring personnel,_Z,Not applicable,P,Practicing,_Z,Not applicable,2017,,2.24,,,,B,Time series break,,,,,,,,,,
DATAFLOW,OECD.ELS.HD:DSD_HEALTH_REAC_EMP@DF_CARE(1.1),Caring personnel (personal care workers),I,FIN,Finland,HSE,Health and social employment,10P3HB,Per 1 000 inhabitants,_Z,Not applicable,_Z,Not applicable,CARE,Caring personnel,_Z,Not applicable,P,Practicing,_Z,Not applicable,2024,,24.06,,,,P,Provisional value,,,,,,,,,,
DATAFLOW,OECD.ELS.HD:DSD_HEALTH_REAC_EMP@DF_CARE(1.1),Caring personnel (personal care workers),I,FIN,Finland,HSE,Health and social employment,PS,Persons,_Z,Not applicable,_Z,Not applicable,CARE,Caring personnel,_Z,Not applicable,P,Practicing,_Z,Not applicable,2024,,135211.38,,,,P,Provisional value,,,,,,,,,,
DATAFLOW,OECD.ELS.HD:DSD_HEALTH_REAC_EMP@DF_CARE(1.1),Caring personnel (personal care workers),I,FIN,Finland,HSE,Health and social employment,PS,Persons,_Z,Not applicable,_Z,Not applicable,CARE,Caring personnel,_Z,Not applicable,P,Practicing,_Z,Not applicable,2025,,136941.43,,,,P,Provisional value,,,,,,,,,,
DATAFLOW,OECD.ELS.HD:DSD_HEALTH_REAC_EMP@DF_CARE(1.1),Caring personnel (personal care workers),I,FIN,Finland,HSE,Health and social employment,10P3HB,Per 1 000 inhabitants,_Z,Not applicable,_Z,Not applicable,CARE,Caring personnel,_Z,Not applicable,P,Practicing,_Z,Not applicable,2025,,24.3,,,,P,Provisional value,,,,,,,,,,
DATAFLOW,OECD.ELS.HD:DSD_HEALTH_REAC_EMP@DF_CARE(1.1),Caring personnel (personal care workers),I,ITA,Italy,HSE,Health and social employment,PS,Persons,_Z,Not applicable,_Z,Not applicable,CARE,Caring personnel,_Z,Not applicable,P,Practicing,_Z,Not applicable,2021,,619357,,,,B,Time series break,,,,,,,,,,
DATAFLOW,OECD.ELS.HD:DSD_HEALTH_REAC_EMP@DF_CARE(1.1),Caring personnel (personal care workers),I,ITA,Italy,HSE,Health and social employment,10P3HB,Per 1 000 inhabitants,_Z,Not applicable,_Z,Not applicable,CARE,Caring personnel,_Z,Not applicable,P,Practicing,_Z,Not applicable,2021,,10.47,,,,B,Time series break,,,,,,,,,,
DATAFLOW,OECD.ELS.HD:DSD_HEALTH_REAC_EMP@DF_CARE(1.1),Caring personnel (personal care workers),I,LTU,Lithuania,HSE,Health and social employment,PS,Persons,_Z,Not applicable,_Z,Not applicable,CARE,Caring personnel,_Z,Not applicable,P,Practicing,_Z,Not applicable,2020,,5536,,,,B,Time series break,,,,,,,,,,
DATAFLOW,OECD.ELS.HD:DSD_HEALTH_REAC_EMP@DF_CARE(1.1),Caring personnel (personal care workers),I,LTU,Lithuania,HSE,Health and social employment,10P3HB,Per 1 000 inhabitants,_Z,Not applicable,_Z,Not applicable,CARE,Caring personnel,_Z,Not applicable,P,Practicing,_Z,Not applicable,2020,,1.97,,,,B,Time series break,,,,,,,,,,
DATAFLOW,OECD.ELS.HD:DSD_HEALTH_REAC_EMP@DF_CARE(1.1),Caring personnel (personal care workers),I,NOR,Norway,HSE,Health and social employment,10P3HB,Per 1 000 inhabitants,_Z,Not applicable,_Z,Not applicable,CARE,Caring personnel,_Z,Not applicable,P,Practicing,_Z,Not applicable,2015,,18.54,,,,B,Time series break,,,,,,,,,,
DATAFLOW,OECD.ELS.HD:DSD_HEALTH_REAC_EMP@DF_CARE(1.1),Caring personnel (personal care workers),I,NOR,Norway,HSE,Health and social employment,PS,Persons,_Z,Not applicable,_Z,Not applicable,CARE,Caring personnel,_Z,Not applicable,P,Practicing,_Z,Not applicable,2015,,96240,,,,B,Time series break,,,,,,,,,,
DATAFLOW,OECD.ELS.HD:DSD_HEALTH_REAC_EMP@DF_CARE(1.1),Caring personnel (personal care workers),I,USA,United States,HSE,Health and social employment,PS,Persons,_Z,Not applicable,_Z,Not applicable,CARE,Caring personnel,_Z,Not applicable,P,Practicing,_Z,Not applicable,2017,,4481280,,,,B,Time series break,,,,,,,,,,
DATAFLOW,OECD.ELS.HD:DSD_HEALTH_REAC_EMP@DF_CARE(1.1),Caring personnel (personal care workers),I,USA,United States,HSE,Health and social employment,10P3HB,Per 1 000 inhabitants,_Z,Not applicable,_Z,Not applicable,CARE,Caring personnel,_Z,Not applicable,P,Practicing,_Z,Not applicable,2017,,13.72,,,,B,Time series break,,,,,,,,,,
DATAFLOW,OECD.ELS.HD:DSD_HEALTH_REAC_EMP@DF_CARE(1.1),Caring personnel (personal care workers),I,UKR,Ukraine,HSE,Health and social employment,10P3HB,Per 1 000 inhabitants,_Z,Not applicable,_Z,Not applicable,CARE,Caring personnel,_Z,Not applicable,P,Practicing,_Z,Not applicable,2023,,,,,,B,Time series break,,,,,,,,,,
DATAFLOW,OECD.ELS.HD:DSD_HEALTH_REAC_EMP@DF_CARE(1.1),Caring personnel (personal care workers),I,UKR,Ukraine,HSE,Health and social employment,PS,Persons,_Z,Not applicable,_Z,Not applicable,CARE,Caring personnel,_Z,Not applicable,P,Practicing,_Z,Not applicable,2023,,20950,,,,B,Time series break,,,,,,,,,,
DATAFLOW,OECD.ELS.HD:DSD_HEALTH_REAC_EMP@DF_CARE(1.1),Caring personnel (personal care workers),I,AUT,Austria,HSE,Health and social employment,10P3HB,Per 1 000 inhabitants,_Z,Not applicable,_Z,Not applicable,CARE,Caring personnel,_Z,Not applicable,P,Practicing,_Z,Not applicable,2019,,5.3,,,,E,Estimated value,B,Time series break,,,,,,,,
DATAFLOW,OECD.ELS.HD:DSD_HEALTH_REAC_EMP@DF_CARE(1.1),Caring personnel (personal care workers),I,AUT,Austria,HSE,Health and social employment,PS,Persons,_Z,Not applicable,_Z,Not applicable,CARE,Caring personnel,_Z,Not applicable,P,Practicing,_Z,Not applicable,2019,,47021,,,,E,Estimated value,B,Time series break,,,,,,,,
DATAFLOW,OECD.ELS.HD:DSD_HEALTH_REAC_EMP@DF_CARE(1.1),Caring personnel (personal care workers),I,GBR,United Kingdom,HSE,Health and social employment,10P3HB,Per 1 000 inhabitants,_Z,Not applicable,_Z,Not applicable,CARE,Caring personnel,_Z,Not applicable,P,Practicing,_Z,Not applicable,2017,,16.47,,,,E,Estimated value,B,Time series break,,,,,,,,
DATAFLOW,OECD.ELS.HD:DSD_HEALTH_REAC_EMP@DF_CARE(1.1),Caring personnel (personal care workers),I,GBR,United Kingdom,HSE,Health and social employment,PS,Persons,_Z,Not applicable,_Z,Not applicable,CARE,Caring personnel,_Z,Not applicable,P,Practicing,_Z,Not applicable,2017,,1086400,,,,E,Estimated value,B,Time series break,,,,,,,,
